GENERATION_PROJECT,gen_loading_level,gen_heat_rate_at_loading_level
Anhui-Coal_1000_OT-12107,0.4,8.471
Anhui-Coal_1000_OT-12107,1.0,7.88
Anhui-Coal_1000_RC-12115,0.4,8.471
Anhui-Coal_1000_RC-12115,1.0,7.88
Anhui-Coal_1000_RC-12125,0.4,8.471
Anhui-Coal_1000_RC-12125,1.0,7.88
Anhui-Coal_100_RC-ep-1231,0.4,9.7395
Anhui-Coal_100_RC-ep-1231,1.0,9.06
Anhui-Coal_100_RC-ep-1233,0.4,9.7395
Anhui-Coal_100_RC-ep-1233,1.0,9.06
Anhui-Coal_100_RC-ep-1234,0.4,9.7395
Anhui-Coal_100_RC-ep-1234,1.0,9.06
Anhui-Coal_100_RC-ep-1235,0.4,9.7395
Anhui-Coal_100_RC-ep-1235,1.0,9.06
Anhui-Coal_100_RC-ep-1236,0.4,9.7395
Anhui-Coal_100_RC-ep-1236,1.0,9.06
Anhui-Coal_100_RC-ep-1237,0.4,9.7395
Anhui-Coal_100_RC-ep-1237,1.0,9.06
Anhui-Coal_100_RC-ep-1238,0.4,9.7395
Anhui-Coal_100_RC-ep-1238,1.0,9.06
Anhui-Coal_100_RC-ep-1239,0.4,9.7395
Anhui-Coal_100_RC-ep-1239,1.0,9.06
Anhui-Coal_100_RC-ep-1241,0.4,9.7395
Anhui-Coal_100_RC-ep-1241,1.0,9.06
Anhui-Coal_300_OT-12111,0.4,9.589
Anhui-Coal_300_OT-12111,1.0,8.92
Anhui-Coal_300_RC-12119,0.4,9.589
Anhui-Coal_300_RC-12119,1.0,8.92
Anhui-Coal_300_RC-12129,0.4,9.589
Anhui-Coal_300_RC-12129,1.0,8.92
Anhui-Coal_600_OT-12109,0.4,9.08375
Anhui-Coal_600_OT-12109,1.0,8.45
Anhui-Coal_600_RC-12117,0.4,9.08375
Anhui-Coal_600_RC-12117,1.0,8.45
Anhui-Coal_600_RC-12127,0.4,9.08375
Anhui-Coal_600_RC-12127,1.0,8.45
Anhui-Coal_IGCC_RC-12121,0.4,12.75715
Anhui-Coal_IGCC_RC-12121,1.0,8.89
Anhui-Coal_IGCC_RC-12131,0.4,12.75715
Anhui-Coal_IGCC_RC-12131,1.0,8.89
Anhui-Coal_Small_RC-ep-1157,0.4,10.406
Anhui-Coal_Small_RC-ep-1157,1.0,9.68
Anhui-Coal_Small_RC-ep-1199,0.4,10.406
Anhui-Coal_Small_RC-ep-1199,1.0,9.68
Anhui-Coal_Small_RC-ep-1232,0.4,10.406
Anhui-Coal_Small_RC-ep-1232,1.0,9.68
Anhui-Coal_Small_RC-ep-1242,0.4,10.406
Anhui-Coal_Small_RC-ep-1242,1.0,9.68
Anhui-EP_Coal_1000_OT-ep-3093,0.4,8.2345
Anhui-EP_Coal_1000_OT-ep-3093,1.0,7.66
Anhui-EP_Coal_1000_RC-ep-1152,0.4,8.2345
Anhui-EP_Coal_1000_RC-ep-1152,1.0,7.66
Anhui-EP_Coal_1000_RC-ep-1153,0.4,8.2345
Anhui-EP_Coal_1000_RC-ep-1153,1.0,7.66
Anhui-EP_Coal_1000_RC-ep-1154,0.4,8.2345
Anhui-EP_Coal_1000_RC-ep-1154,1.0,7.66
Anhui-EP_Coal_1000_RC-ep-1155,0.4,8.2345
Anhui-EP_Coal_1000_RC-ep-1155,1.0,7.66
Anhui-EP_Coal_1000_RC-ep-1156,0.4,8.2345
Anhui-EP_Coal_1000_RC-ep-1156,1.0,7.66
Anhui-EP_Coal_1000_RC-ep-3094,0.4,8.2345
Anhui-EP_Coal_1000_RC-ep-3094,1.0,7.66
Anhui-EP_Coal_1000_RC-ep-3095,0.4,8.2345
Anhui-EP_Coal_1000_RC-ep-3095,1.0,7.66
Anhui-EP_Coal_1000_RC-ep-3096,0.4,8.2345
Anhui-EP_Coal_1000_RC-ep-3096,1.0,7.66
Anhui-EP_Coal_300_OT-ep-1206,0.4,9.16975
Anhui-EP_Coal_300_OT-ep-1206,1.0,8.53
Anhui-EP_Coal_300_OT-ep-1207,0.4,9.16975
Anhui-EP_Coal_300_OT-ep-1207,1.0,8.53
Anhui-EP_Coal_300_OT-ep-1208,0.4,9.16975
Anhui-EP_Coal_300_OT-ep-1208,1.0,8.53
Anhui-EP_Coal_300_OT-ep-1209,0.4,9.16975
Anhui-EP_Coal_300_OT-ep-1209,1.0,8.53
Anhui-EP_Coal_300_OT-ep-1218,0.4,9.16975
Anhui-EP_Coal_300_OT-ep-1218,1.0,8.53
Anhui-EP_Coal_300_OT-ep-1219,0.4,9.16975
Anhui-EP_Coal_300_OT-ep-1219,1.0,8.53
Anhui-EP_Coal_300_OT-ep-1220,0.4,9.16975
Anhui-EP_Coal_300_OT-ep-1220,1.0,8.53
Anhui-EP_Coal_300_OT-ep-1221,0.4,9.16975
Anhui-EP_Coal_300_OT-ep-1221,1.0,8.53
Anhui-EP_Coal_300_RC-ep-1200,0.4,9.16975
Anhui-EP_Coal_300_RC-ep-1200,1.0,8.53
Anhui-EP_Coal_300_RC-ep-1201,0.4,9.16975
Anhui-EP_Coal_300_RC-ep-1201,1.0,8.53
Anhui-EP_Coal_300_RC-ep-1202,0.4,9.16975
Anhui-EP_Coal_300_RC-ep-1202,1.0,8.53
Anhui-EP_Coal_300_RC-ep-1203,0.4,9.16975
Anhui-EP_Coal_300_RC-ep-1203,1.0,8.53
Anhui-EP_Coal_300_RC-ep-1204,0.4,9.16975
Anhui-EP_Coal_300_RC-ep-1204,1.0,8.53
Anhui-EP_Coal_300_RC-ep-1205,0.4,9.16975
Anhui-EP_Coal_300_RC-ep-1205,1.0,8.53
Anhui-EP_Coal_300_RC-ep-1210,0.4,9.16975
Anhui-EP_Coal_300_RC-ep-1210,1.0,8.53
Anhui-EP_Coal_300_RC-ep-1211,0.4,9.16975
Anhui-EP_Coal_300_RC-ep-1211,1.0,8.53
Anhui-EP_Coal_300_RC-ep-1212,0.4,9.16975
Anhui-EP_Coal_300_RC-ep-1212,1.0,8.53
Anhui-EP_Coal_300_RC-ep-1213,0.4,9.16975
Anhui-EP_Coal_300_RC-ep-1213,1.0,8.53
Anhui-EP_Coal_300_RC-ep-1214,0.4,9.16975
Anhui-EP_Coal_300_RC-ep-1214,1.0,8.53
Anhui-EP_Coal_300_RC-ep-1215,0.4,9.16975
Anhui-EP_Coal_300_RC-ep-1215,1.0,8.53
Anhui-EP_Coal_300_RC-ep-1216,0.4,9.16975
Anhui-EP_Coal_300_RC-ep-1216,1.0,8.53
Anhui-EP_Coal_300_RC-ep-1217,0.4,9.16975
Anhui-EP_Coal_300_RC-ep-1217,1.0,8.53
Anhui-EP_Coal_300_RC-ep-1222,0.4,9.16975
Anhui-EP_Coal_300_RC-ep-1222,1.0,8.53
Anhui-EP_Coal_300_RC-ep-1223,0.4,9.16975
Anhui-EP_Coal_300_RC-ep-1223,1.0,8.53
Anhui-EP_Coal_300_RC-ep-1224,0.4,9.16975
Anhui-EP_Coal_300_RC-ep-1224,1.0,8.53
Anhui-EP_Coal_300_RC-ep-1225,0.4,9.16975
Anhui-EP_Coal_300_RC-ep-1225,1.0,8.53
Anhui-EP_Coal_300_RC-ep-1226,0.4,9.16975
Anhui-EP_Coal_300_RC-ep-1226,1.0,8.53
Anhui-EP_Coal_300_RC-ep-1227,0.4,9.16975
Anhui-EP_Coal_300_RC-ep-1227,1.0,8.53
Anhui-EP_Coal_300_RC-ep-1228,0.4,9.16975
Anhui-EP_Coal_300_RC-ep-1228,1.0,8.53
Anhui-EP_Coal_300_RC-ep-1229,0.4,9.16975
Anhui-EP_Coal_300_RC-ep-1229,1.0,8.53
Anhui-EP_Coal_600_OT-ep-1168,0.4,8.52475
Anhui-EP_Coal_600_OT-ep-1168,1.0,7.93
Anhui-EP_Coal_600_OT-ep-1169,0.4,8.52475
Anhui-EP_Coal_600_OT-ep-1169,1.0,7.93
Anhui-EP_Coal_600_OT-ep-1170,0.4,8.52475
Anhui-EP_Coal_600_OT-ep-1170,1.0,7.93
Anhui-EP_Coal_600_OT-ep-1171,0.4,8.52475
Anhui-EP_Coal_600_OT-ep-1171,1.0,7.93
Anhui-EP_Coal_600_OT-ep-1172,0.4,8.52475
Anhui-EP_Coal_600_OT-ep-1172,1.0,7.93
Anhui-EP_Coal_600_OT-ep-1173,0.4,8.52475
Anhui-EP_Coal_600_OT-ep-1173,1.0,7.93
Anhui-EP_Coal_600_OT-ep-1174,0.4,8.52475
Anhui-EP_Coal_600_OT-ep-1174,1.0,7.93
Anhui-EP_Coal_600_OT-ep-1175,0.4,8.52475
Anhui-EP_Coal_600_OT-ep-1175,1.0,7.93
Anhui-EP_Coal_600_OT-ep-1194,0.4,8.52475
Anhui-EP_Coal_600_OT-ep-1194,1.0,7.93
Anhui-EP_Coal_600_OT-ep-1195,0.4,8.52475
Anhui-EP_Coal_600_OT-ep-1195,1.0,7.93
Anhui-EP_Coal_600_RC-ep-1158,0.4,8.52475
Anhui-EP_Coal_600_RC-ep-1158,1.0,7.93
Anhui-EP_Coal_600_RC-ep-1159,0.4,8.52475
Anhui-EP_Coal_600_RC-ep-1159,1.0,7.93
Anhui-EP_Coal_600_RC-ep-1160,0.4,8.52475
Anhui-EP_Coal_600_RC-ep-1160,1.0,7.93
Anhui-EP_Coal_600_RC-ep-1161,0.4,8.52475
Anhui-EP_Coal_600_RC-ep-1161,1.0,7.93
Anhui-EP_Coal_600_RC-ep-1162,0.4,8.52475
Anhui-EP_Coal_600_RC-ep-1162,1.0,7.93
Anhui-EP_Coal_600_RC-ep-1163,0.4,8.52475
Anhui-EP_Coal_600_RC-ep-1163,1.0,7.93
Anhui-EP_Coal_600_RC-ep-1164,0.4,8.52475
Anhui-EP_Coal_600_RC-ep-1164,1.0,7.93
Anhui-EP_Coal_600_RC-ep-1165,0.4,8.52475
Anhui-EP_Coal_600_RC-ep-1165,1.0,7.93
Anhui-EP_Coal_600_RC-ep-1166,0.4,8.52475
Anhui-EP_Coal_600_RC-ep-1166,1.0,7.93
Anhui-EP_Coal_600_RC-ep-1167,0.4,8.52475
Anhui-EP_Coal_600_RC-ep-1167,1.0,7.93
Anhui-EP_Coal_600_RC-ep-1176,0.4,8.52475
Anhui-EP_Coal_600_RC-ep-1176,1.0,7.93
Anhui-EP_Coal_600_RC-ep-1177,0.4,8.52475
Anhui-EP_Coal_600_RC-ep-1177,1.0,7.93
Anhui-EP_Coal_600_RC-ep-1178,0.4,8.52475
Anhui-EP_Coal_600_RC-ep-1178,1.0,7.93
Anhui-EP_Coal_600_RC-ep-1179,0.4,8.52475
Anhui-EP_Coal_600_RC-ep-1179,1.0,7.93
Anhui-EP_Coal_600_RC-ep-1180,0.4,8.52475
Anhui-EP_Coal_600_RC-ep-1180,1.0,7.93
Anhui-EP_Coal_600_RC-ep-1181,0.4,8.52475
Anhui-EP_Coal_600_RC-ep-1181,1.0,7.93
Anhui-EP_Coal_600_RC-ep-1182,0.4,8.52475
Anhui-EP_Coal_600_RC-ep-1182,1.0,7.93
Anhui-EP_Coal_600_RC-ep-1183,0.4,8.52475
Anhui-EP_Coal_600_RC-ep-1183,1.0,7.93
Anhui-EP_Coal_600_RC-ep-1184,0.4,8.52475
Anhui-EP_Coal_600_RC-ep-1184,1.0,7.93
Anhui-EP_Coal_600_RC-ep-1185,0.4,8.52475
Anhui-EP_Coal_600_RC-ep-1185,1.0,7.93
Anhui-EP_Coal_600_RC-ep-1186,0.4,8.52475
Anhui-EP_Coal_600_RC-ep-1186,1.0,7.93
Anhui-EP_Coal_600_RC-ep-1187,0.4,8.52475
Anhui-EP_Coal_600_RC-ep-1187,1.0,7.93
Anhui-EP_Coal_600_RC-ep-1188,0.4,8.52475
Anhui-EP_Coal_600_RC-ep-1188,1.0,7.93
Anhui-EP_Coal_600_RC-ep-1189,0.4,8.52475
Anhui-EP_Coal_600_RC-ep-1189,1.0,7.93
Anhui-EP_Coal_600_RC-ep-1190,0.4,8.52475
Anhui-EP_Coal_600_RC-ep-1190,1.0,7.93
Anhui-EP_Coal_600_RC-ep-1191,0.4,8.52475
Anhui-EP_Coal_600_RC-ep-1191,1.0,7.93
Anhui-EP_Coal_600_RC-ep-1192,0.4,8.52475
Anhui-EP_Coal_600_RC-ep-1192,1.0,7.93
Anhui-EP_Coal_600_RC-ep-1193,0.4,8.52475
Anhui-EP_Coal_600_RC-ep-1193,1.0,7.93
Anhui-EP_Coal_600_RC-ep-1196,0.4,8.52475
Anhui-EP_Coal_600_RC-ep-1196,1.0,7.93
Anhui-EP_Coal_600_RC-ep-1197,0.4,8.52475
Anhui-EP_Coal_600_RC-ep-1197,1.0,7.93
Anhui-EP_Coal_600_RC-ep-1198,0.4,8.52475
Anhui-EP_Coal_600_RC-ep-1198,1.0,7.93
Anhui-EP_Coal_600_RC-ep-3097,0.4,8.52475
Anhui-EP_Coal_600_RC-ep-3097,1.0,7.93
Anhui-EP_Coal_600_RC-ep-3098,0.4,8.52475
Anhui-EP_Coal_600_RC-ep-3098,1.0,7.93
Anhui-EP_Coal_600_RC-ep-3099,0.4,8.52475
Anhui-EP_Coal_600_RC-ep-3099,1.0,7.93
Anhui-EP_Coal_600_RC-ep-3100,0.4,8.52475
Anhui-EP_Coal_600_RC-ep-3100,1.0,7.93
Anhui-Gas_CCGT_OT-12113,0.45,8.88978
Anhui-Gas_CCGT_OT-12113,1.0,6.47
Anhui-Gas_CCGT_RC-12123,0.45,9.64548
Anhui-Gas_CCGT_RC-12123,1.0,7.02
Anhui-Gas_CCGT_RC-12133,0.45,9.64548
Anhui-Gas_CCGT_RC-12133,1.0,7.02
Anhui-Gas_Combustion_Turbine_RC-13107,0.4,11.03368
Anhui-Gas_Combustion_Turbine_RC-13107,1.0,9.76
Fujian-Coal_1000_OT-12153,0.4,8.471
Fujian-Coal_1000_OT-12153,1.0,7.88
Fujian-Coal_1000_RC-12135,0.4,8.471
Fujian-Coal_1000_RC-12135,1.0,7.88
Fujian-Coal_1000_RC-12161,0.4,8.471
Fujian-Coal_1000_RC-12161,1.0,7.88
Fujian-Coal_1000_RC-12171,0.4,8.471
Fujian-Coal_1000_RC-12171,1.0,7.88
Fujian-Coal_1000_SEA-12145,0.4,8.471
Fujian-Coal_1000_SEA-12145,1.0,7.88
Fujian-Coal_1000_SEA-12181,0.4,8.471
Fujian-Coal_1000_SEA-12181,1.0,7.88
Fujian-Coal_100_RC-ep-1302,0.4,9.7395
Fujian-Coal_100_RC-ep-1302,1.0,9.06
Fujian-Coal_100_RC-ep-1303,0.4,9.7395
Fujian-Coal_100_RC-ep-1303,1.0,9.06
Fujian-Coal_100_RC-ep-1304,0.4,9.7395
Fujian-Coal_100_RC-ep-1304,1.0,9.06
Fujian-Coal_100_RC-ep-1305,0.4,9.7395
Fujian-Coal_100_RC-ep-1305,1.0,9.06
Fujian-Coal_100_RC-ep-1306,0.4,9.7395
Fujian-Coal_100_RC-ep-1306,1.0,9.06
Fujian-Coal_100_RC-ep-1307,0.4,9.7395
Fujian-Coal_100_RC-ep-1307,1.0,9.06
Fujian-Coal_300_OT-12157,0.4,9.589
Fujian-Coal_300_OT-12157,1.0,8.92
Fujian-Coal_300_RC-12139,0.4,9.589
Fujian-Coal_300_RC-12139,1.0,8.92
Fujian-Coal_300_RC-12165,0.4,9.589
Fujian-Coal_300_RC-12165,1.0,8.92
Fujian-Coal_300_RC-12175,0.4,9.589
Fujian-Coal_300_RC-12175,1.0,8.92
Fujian-Coal_300_SEA-12149,0.4,9.589
Fujian-Coal_300_SEA-12149,1.0,8.92
Fujian-Coal_300_SEA-12185,0.4,9.589
Fujian-Coal_300_SEA-12185,1.0,8.92
Fujian-Coal_600_OT-12155,0.4,9.08375
Fujian-Coal_600_OT-12155,1.0,8.45
Fujian-Coal_600_RC-12137,0.4,9.08375
Fujian-Coal_600_RC-12137,1.0,8.45
Fujian-Coal_600_RC-12163,0.4,9.08375
Fujian-Coal_600_RC-12163,1.0,8.45
Fujian-Coal_600_RC-12173,0.4,9.08375
Fujian-Coal_600_RC-12173,1.0,8.45
Fujian-Coal_600_SEA-12147,0.4,9.08375
Fujian-Coal_600_SEA-12147,1.0,8.45
Fujian-Coal_600_SEA-12183,0.4,9.08375
Fujian-Coal_600_SEA-12183,1.0,8.45
Fujian-Coal_IGCC_RC-12141,0.4,12.75715
Fujian-Coal_IGCC_RC-12141,1.0,8.89
Fujian-Coal_IGCC_RC-12167,0.4,12.75715
Fujian-Coal_IGCC_RC-12167,1.0,8.89
Fujian-Coal_IGCC_RC-12177,0.4,12.75715
Fujian-Coal_IGCC_RC-12177,1.0,8.89
Fujian-Coal_Small_RC-ep-1248,0.4,10.406
Fujian-Coal_Small_RC-ep-1248,1.0,9.68
Fujian-Coal_Small_RC-ep-1289,0.4,10.406
Fujian-Coal_Small_RC-ep-1289,1.0,9.68
Fujian-Coal_Small_SEA-ep-1309,0.4,10.3845
Fujian-Coal_Small_SEA-ep-1309,1.0,9.66
Fujian-EP_Coal_1000_SEA-ep-1246,0.4,8.2345
Fujian-EP_Coal_1000_SEA-ep-1246,1.0,7.66
Fujian-EP_Coal_1000_SEA-ep-1247,0.4,8.2345
Fujian-EP_Coal_1000_SEA-ep-1247,1.0,7.66
Fujian-EP_Coal_1000_SEA-ep-3101,0.4,8.2345
Fujian-EP_Coal_1000_SEA-ep-3101,1.0,7.66
Fujian-EP_Coal_1000_SEA-ep-3102,0.4,8.2345
Fujian-EP_Coal_1000_SEA-ep-3102,1.0,7.66
Fujian-EP_Coal_300_OT-ep-1285,0.4,9.16975
Fujian-EP_Coal_300_OT-ep-1285,1.0,8.53
Fujian-EP_Coal_300_OT-ep-1286,0.4,9.16975
Fujian-EP_Coal_300_OT-ep-1286,1.0,8.53
Fujian-EP_Coal_300_OT-ep-1287,0.4,9.16975
Fujian-EP_Coal_300_OT-ep-1287,1.0,8.53
Fujian-EP_Coal_300_OT-ep-1288,0.4,9.16975
Fujian-EP_Coal_300_OT-ep-1288,1.0,8.53
Fujian-EP_Coal_300_RC-ep-1290,0.4,9.16975
Fujian-EP_Coal_300_RC-ep-1290,1.0,8.53
Fujian-EP_Coal_300_RC-ep-1291,0.4,9.16975
Fujian-EP_Coal_300_RC-ep-1291,1.0,8.53
Fujian-EP_Coal_300_RC-ep-1298,0.4,9.16975
Fujian-EP_Coal_300_RC-ep-1298,1.0,8.53
Fujian-EP_Coal_300_RC-ep-1299,0.4,9.16975
Fujian-EP_Coal_300_RC-ep-1299,1.0,8.53
Fujian-EP_Coal_300_RC-ep-1300,0.4,9.16975
Fujian-EP_Coal_300_RC-ep-1300,1.0,8.53
Fujian-EP_Coal_300_RC-ep-1301,0.4,9.16975
Fujian-EP_Coal_300_RC-ep-1301,1.0,8.53
Fujian-EP_Coal_300_SEA-ep-1272,0.4,9.16975
Fujian-EP_Coal_300_SEA-ep-1272,1.0,8.53
Fujian-EP_Coal_300_SEA-ep-1273,0.4,9.16975
Fujian-EP_Coal_300_SEA-ep-1273,1.0,8.53
Fujian-EP_Coal_300_SEA-ep-1292,0.4,9.16975
Fujian-EP_Coal_300_SEA-ep-1292,1.0,8.53
Fujian-EP_Coal_300_SEA-ep-1293,0.4,9.16975
Fujian-EP_Coal_300_SEA-ep-1293,1.0,8.53
Fujian-EP_Coal_300_SEA-ep-1294,0.4,9.16975
Fujian-EP_Coal_300_SEA-ep-1294,1.0,8.53
Fujian-EP_Coal_300_SEA-ep-1295,0.4,9.16975
Fujian-EP_Coal_300_SEA-ep-1295,1.0,8.53
Fujian-EP_Coal_300_SEA-ep-1296,0.4,9.16975
Fujian-EP_Coal_300_SEA-ep-1296,1.0,8.53
Fujian-EP_Coal_300_SEA-ep-1297,0.4,9.16975
Fujian-EP_Coal_300_SEA-ep-1297,1.0,8.53
Fujian-EP_Coal_600_OT-ep-1253,0.4,8.52475
Fujian-EP_Coal_600_OT-ep-1253,1.0,7.93
Fujian-EP_Coal_600_OT-ep-1254,0.4,8.52475
Fujian-EP_Coal_600_OT-ep-1254,1.0,7.93
Fujian-EP_Coal_600_SEA-ep-1249,0.4,8.52475
Fujian-EP_Coal_600_SEA-ep-1249,1.0,7.93
Fujian-EP_Coal_600_SEA-ep-1250,0.4,8.52475
Fujian-EP_Coal_600_SEA-ep-1250,1.0,7.93
Fujian-EP_Coal_600_SEA-ep-1251,0.4,8.52475
Fujian-EP_Coal_600_SEA-ep-1251,1.0,7.93
Fujian-EP_Coal_600_SEA-ep-1252,0.4,8.52475
Fujian-EP_Coal_600_SEA-ep-1252,1.0,7.93
Fujian-EP_Coal_600_SEA-ep-1255,0.4,8.52475
Fujian-EP_Coal_600_SEA-ep-1255,1.0,7.93
Fujian-EP_Coal_600_SEA-ep-1256,0.4,8.52475
Fujian-EP_Coal_600_SEA-ep-1256,1.0,7.93
Fujian-EP_Coal_600_SEA-ep-1257,0.4,8.52475
Fujian-EP_Coal_600_SEA-ep-1257,1.0,7.93
Fujian-EP_Coal_600_SEA-ep-1258,0.4,8.52475
Fujian-EP_Coal_600_SEA-ep-1258,1.0,7.93
Fujian-EP_Coal_600_SEA-ep-1259,0.4,8.52475
Fujian-EP_Coal_600_SEA-ep-1259,1.0,7.93
Fujian-EP_Coal_600_SEA-ep-1260,0.4,8.52475
Fujian-EP_Coal_600_SEA-ep-1260,1.0,7.93
Fujian-EP_Coal_600_SEA-ep-1261,0.4,8.52475
Fujian-EP_Coal_600_SEA-ep-1261,1.0,7.93
Fujian-EP_Coal_600_SEA-ep-1262,0.4,8.52475
Fujian-EP_Coal_600_SEA-ep-1262,1.0,7.93
Fujian-EP_Coal_600_SEA-ep-1263,0.4,8.52475
Fujian-EP_Coal_600_SEA-ep-1263,1.0,7.93
Fujian-EP_Coal_600_SEA-ep-1264,0.4,8.52475
Fujian-EP_Coal_600_SEA-ep-1264,1.0,7.93
Fujian-EP_Coal_600_SEA-ep-1265,0.4,8.52475
Fujian-EP_Coal_600_SEA-ep-1265,1.0,7.93
Fujian-EP_Coal_600_SEA-ep-1266,0.4,8.52475
Fujian-EP_Coal_600_SEA-ep-1266,1.0,7.93
Fujian-EP_Coal_600_SEA-ep-1267,0.4,8.52475
Fujian-EP_Coal_600_SEA-ep-1267,1.0,7.93
Fujian-EP_Coal_600_SEA-ep-1268,0.4,8.52475
Fujian-EP_Coal_600_SEA-ep-1268,1.0,7.93
Fujian-EP_Coal_600_SEA-ep-1269,0.4,8.52475
Fujian-EP_Coal_600_SEA-ep-1269,1.0,7.93
Fujian-EP_Coal_600_SEA-ep-1270,0.4,8.52475
Fujian-EP_Coal_600_SEA-ep-1270,1.0,7.93
Fujian-EP_Coal_600_SEA-ep-1271,0.4,8.52475
Fujian-EP_Coal_600_SEA-ep-1271,1.0,7.93
Fujian-EP_Gas_CCGT_RC-ep-1284,0.45,9.42564
Fujian-EP_Gas_CCGT_RC-ep-1284,1.0,6.86
Fujian-EP_Gas_CCGT_SEA-ep-1274,0.45,8.68368
Fujian-EP_Gas_CCGT_SEA-ep-1274,1.0,6.32
Fujian-EP_Gas_CCGT_SEA-ep-1275,0.45,8.68368
Fujian-EP_Gas_CCGT_SEA-ep-1275,1.0,6.32
Fujian-EP_Gas_CCGT_SEA-ep-1276,0.45,8.68368
Fujian-EP_Gas_CCGT_SEA-ep-1276,1.0,6.32
Fujian-EP_Gas_CCGT_SEA-ep-1277,0.45,8.68368
Fujian-EP_Gas_CCGT_SEA-ep-1277,1.0,6.32
Fujian-EP_Gas_CCGT_SEA-ep-1278,0.45,8.68368
Fujian-EP_Gas_CCGT_SEA-ep-1278,1.0,6.32
Fujian-EP_Gas_CCGT_SEA-ep-1279,0.45,8.68368
Fujian-EP_Gas_CCGT_SEA-ep-1279,1.0,6.32
Fujian-EP_Gas_CCGT_SEA-ep-1280,0.45,8.68368
Fujian-EP_Gas_CCGT_SEA-ep-1280,1.0,6.32
Fujian-EP_Gas_CCGT_SEA-ep-1281,0.45,8.68368
Fujian-EP_Gas_CCGT_SEA-ep-1281,1.0,6.32
Fujian-EP_Gas_CCGT_SEA-ep-1282,0.45,8.68368
Fujian-EP_Gas_CCGT_SEA-ep-1282,1.0,6.32
Fujian-EP_Gas_CCGT_SEA-ep-1283,0.45,8.68368
Fujian-EP_Gas_CCGT_SEA-ep-1283,1.0,6.32
Fujian-Gas_CCGT_OT-12159,0.45,8.88978
Fujian-Gas_CCGT_OT-12159,1.0,6.47
Fujian-Gas_CCGT_RC-12143,0.45,9.64548
Fujian-Gas_CCGT_RC-12143,1.0,7.02
Fujian-Gas_CCGT_RC-12169,0.45,9.64548
Fujian-Gas_CCGT_RC-12169,1.0,7.02
Fujian-Gas_CCGT_RC-12179,0.45,9.64548
Fujian-Gas_CCGT_RC-12179,1.0,7.02
Fujian-Gas_CCGT_SEA-12151,0.45,8.88978
Fujian-Gas_CCGT_SEA-12151,1.0,6.47
Fujian-Gas_CCGT_SEA-12187,0.45,8.88978
Fujian-Gas_CCGT_SEA-12187,1.0,6.47
Fujian-Gas_Combustion_Turbine_RC-13124,0.4,11.03368
Fujian-Gas_Combustion_Turbine_RC-13124,1.0,9.76
Jiangsu-Coal_1000_OT-11937,0.4,8.471
Jiangsu-Coal_1000_OT-11937,1.0,7.88
Jiangsu-Coal_1000_OT-11955,0.4,8.471
Jiangsu-Coal_1000_OT-11955,1.0,7.88
Jiangsu-Coal_1000_OT-11973,0.4,8.471
Jiangsu-Coal_1000_OT-11973,1.0,7.88
Jiangsu-Coal_1000_OT-11999,0.4,8.471
Jiangsu-Coal_1000_OT-11999,1.0,7.88
Jiangsu-Coal_1000_OT-12017,0.4,8.471
Jiangsu-Coal_1000_OT-12017,1.0,7.88
Jiangsu-Coal_1000_RC-11945,0.4,8.471
Jiangsu-Coal_1000_RC-11945,1.0,7.88
Jiangsu-Coal_1000_RC-11963,0.4,8.471
Jiangsu-Coal_1000_RC-11963,1.0,7.88
Jiangsu-Coal_1000_RC-11981,0.4,8.471
Jiangsu-Coal_1000_RC-11981,1.0,7.88
Jiangsu-Coal_1000_RC-12007,0.4,8.471
Jiangsu-Coal_1000_RC-12007,1.0,7.88
Jiangsu-Coal_1000_RC-12025,0.4,8.471
Jiangsu-Coal_1000_RC-12025,1.0,7.88
Jiangsu-Coal_1000_SEA-11991,0.4,8.471
Jiangsu-Coal_1000_SEA-11991,1.0,7.88
Jiangsu-Coal_100_OT-ep-1000,0.4,9.81475
Jiangsu-Coal_100_OT-ep-1000,1.0,9.13
Jiangsu-Coal_100_OT-ep-1001,0.4,9.81475
Jiangsu-Coal_100_OT-ep-1001,1.0,9.13
Jiangsu-Coal_100_OT-ep-995,0.4,9.81475
Jiangsu-Coal_100_OT-ep-995,1.0,9.13
Jiangsu-Coal_100_OT-ep-996,0.4,9.81475
Jiangsu-Coal_100_OT-ep-996,1.0,9.13
Jiangsu-Coal_100_OT-ep-999,0.4,9.81475
Jiangsu-Coal_100_OT-ep-999,1.0,9.13
Jiangsu-Coal_100_RC-ep-1002,0.4,9.7395
Jiangsu-Coal_100_RC-ep-1002,1.0,9.06
Jiangsu-Coal_100_RC-ep-1003,0.4,9.7395
Jiangsu-Coal_100_RC-ep-1003,1.0,9.06
Jiangsu-Coal_100_RC-ep-1004,0.4,9.7395
Jiangsu-Coal_100_RC-ep-1004,1.0,9.06
Jiangsu-Coal_100_RC-ep-1005,0.4,9.7395
Jiangsu-Coal_100_RC-ep-1005,1.0,9.06
Jiangsu-Coal_100_RC-ep-1006,0.4,9.7395
Jiangsu-Coal_100_RC-ep-1006,1.0,9.06
Jiangsu-Coal_100_RC-ep-1007,0.4,9.7395
Jiangsu-Coal_100_RC-ep-1007,1.0,9.06
Jiangsu-Coal_100_RC-ep-1008,0.4,9.7395
Jiangsu-Coal_100_RC-ep-1008,1.0,9.06
Jiangsu-Coal_100_RC-ep-1009,0.4,9.7395
Jiangsu-Coal_100_RC-ep-1009,1.0,9.06
Jiangsu-Coal_100_RC-ep-993,0.4,9.7395
Jiangsu-Coal_100_RC-ep-993,1.0,9.06
Jiangsu-Coal_100_RC-ep-994,0.4,9.7395
Jiangsu-Coal_100_RC-ep-994,1.0,9.06
Jiangsu-Coal_100_RC-ep-997,0.4,9.7395
Jiangsu-Coal_100_RC-ep-997,1.0,9.06
Jiangsu-Coal_100_RC-ep-998,0.4,9.7395
Jiangsu-Coal_100_RC-ep-998,1.0,9.06
Jiangsu-Coal_300_OT-11941,0.4,9.589
Jiangsu-Coal_300_OT-11941,1.0,8.92
Jiangsu-Coal_300_OT-11959,0.4,9.589
Jiangsu-Coal_300_OT-11959,1.0,8.92
Jiangsu-Coal_300_OT-11977,0.4,9.589
Jiangsu-Coal_300_OT-11977,1.0,8.92
Jiangsu-Coal_300_OT-12003,0.4,9.589
Jiangsu-Coal_300_OT-12003,1.0,8.92
Jiangsu-Coal_300_OT-12021,0.4,9.589
Jiangsu-Coal_300_OT-12021,1.0,8.92
Jiangsu-Coal_300_RC-11949,0.4,9.589
Jiangsu-Coal_300_RC-11949,1.0,8.92
Jiangsu-Coal_300_RC-11967,0.4,9.589
Jiangsu-Coal_300_RC-11967,1.0,8.92
Jiangsu-Coal_300_RC-11985,0.4,9.589
Jiangsu-Coal_300_RC-11985,1.0,8.92
Jiangsu-Coal_300_RC-12011,0.4,9.589
Jiangsu-Coal_300_RC-12011,1.0,8.92
Jiangsu-Coal_300_RC-12029,0.4,9.589
Jiangsu-Coal_300_RC-12029,1.0,8.92
Jiangsu-Coal_300_SEA-11995,0.4,9.589
Jiangsu-Coal_300_SEA-11995,1.0,8.92
Jiangsu-Coal_600_OT-11939,0.4,9.08375
Jiangsu-Coal_600_OT-11939,1.0,8.45
Jiangsu-Coal_600_OT-11957,0.4,9.08375
Jiangsu-Coal_600_OT-11957,1.0,8.45
Jiangsu-Coal_600_OT-11975,0.4,9.08375
Jiangsu-Coal_600_OT-11975,1.0,8.45
Jiangsu-Coal_600_OT-12001,0.4,9.08375
Jiangsu-Coal_600_OT-12001,1.0,8.45
Jiangsu-Coal_600_OT-12019,0.4,9.08375
Jiangsu-Coal_600_OT-12019,1.0,8.45
Jiangsu-Coal_600_RC-11947,0.4,9.08375
Jiangsu-Coal_600_RC-11947,1.0,8.45
Jiangsu-Coal_600_RC-11965,0.4,9.08375
Jiangsu-Coal_600_RC-11965,1.0,8.45
Jiangsu-Coal_600_RC-11983,0.4,9.08375
Jiangsu-Coal_600_RC-11983,1.0,8.45
Jiangsu-Coal_600_RC-12009,0.4,9.08375
Jiangsu-Coal_600_RC-12009,1.0,8.45
Jiangsu-Coal_600_RC-12027,0.4,9.08375
Jiangsu-Coal_600_RC-12027,1.0,8.45
Jiangsu-Coal_600_SEA-11993,0.4,9.08375
Jiangsu-Coal_600_SEA-11993,1.0,8.45
Jiangsu-Coal_IGCC_RC-11951,0.4,12.75715
Jiangsu-Coal_IGCC_RC-11951,1.0,8.89
Jiangsu-Coal_IGCC_RC-11969,0.4,12.75715
Jiangsu-Coal_IGCC_RC-11969,1.0,8.89
Jiangsu-Coal_IGCC_RC-11987,0.4,12.75715
Jiangsu-Coal_IGCC_RC-11987,1.0,8.89
Jiangsu-Coal_IGCC_RC-12013,0.4,12.75715
Jiangsu-Coal_IGCC_RC-12013,1.0,8.89
Jiangsu-Coal_IGCC_RC-12031,0.4,12.75715
Jiangsu-Coal_IGCC_RC-12031,1.0,8.89
Jiangsu-Coal_Small_OT-ep-1012,0.4,10.3845
Jiangsu-Coal_Small_OT-ep-1012,1.0,9.66
Jiangsu-Coal_Small_OT-ep-1013,0.4,10.3845
Jiangsu-Coal_Small_OT-ep-1013,1.0,9.66
Jiangsu-Coal_Small_OT-ep-905,0.4,10.3845
Jiangsu-Coal_Small_OT-ep-905,1.0,9.66
Jiangsu-Coal_Small_OT-ep-974,0.4,10.3845
Jiangsu-Coal_Small_OT-ep-974,1.0,9.66
Jiangsu-Coal_Small_RC-ep-839,0.4,10.406
Jiangsu-Coal_Small_RC-ep-839,1.0,9.68
Jiangsu-Coal_Small_RC-ep-840,0.4,10.406
Jiangsu-Coal_Small_RC-ep-840,1.0,9.68
Jiangsu-Coal_Small_RC-ep-860,0.4,10.406
Jiangsu-Coal_Small_RC-ep-860,1.0,9.68
Jiangsu-Coal_Small_RC-ep-890,0.4,10.406
Jiangsu-Coal_Small_RC-ep-890,1.0,9.68
Jiangsu-EP_Coal_1000_OT-ep-3067,0.4,8.2345
Jiangsu-EP_Coal_1000_OT-ep-3067,1.0,7.66
Jiangsu-EP_Coal_1000_OT-ep-3068,0.4,8.2345
Jiangsu-EP_Coal_1000_OT-ep-3068,1.0,7.66
Jiangsu-EP_Coal_1000_OT-ep-3069,0.4,8.2345
Jiangsu-EP_Coal_1000_OT-ep-3069,1.0,7.66
Jiangsu-EP_Coal_1000_OT-ep-3070,0.4,8.2345
Jiangsu-EP_Coal_1000_OT-ep-3070,1.0,7.66
Jiangsu-EP_Coal_1000_OT-ep-843,0.4,8.2345
Jiangsu-EP_Coal_1000_OT-ep-843,1.0,7.66
Jiangsu-EP_Coal_1000_OT-ep-844,0.4,8.2345
Jiangsu-EP_Coal_1000_OT-ep-844,1.0,7.66
Jiangsu-EP_Coal_1000_OT-ep-849,0.4,8.2345
Jiangsu-EP_Coal_1000_OT-ep-849,1.0,7.66
Jiangsu-EP_Coal_1000_OT-ep-850,0.4,8.2345
Jiangsu-EP_Coal_1000_OT-ep-850,1.0,7.66
Jiangsu-EP_Coal_1000_OT-ep-851,0.4,8.2345
Jiangsu-EP_Coal_1000_OT-ep-851,1.0,7.66
Jiangsu-EP_Coal_1000_OT-ep-852,0.4,8.2345
Jiangsu-EP_Coal_1000_OT-ep-852,1.0,7.66
Jiangsu-EP_Coal_1000_OT-ep-853,0.4,8.2345
Jiangsu-EP_Coal_1000_OT-ep-853,1.0,7.66
Jiangsu-EP_Coal_1000_OT-ep-854,0.4,8.2345
Jiangsu-EP_Coal_1000_OT-ep-854,1.0,7.66
Jiangsu-EP_Coal_1000_OT-ep-855,0.4,8.2345
Jiangsu-EP_Coal_1000_OT-ep-855,1.0,7.66
Jiangsu-EP_Coal_1000_OT-ep-856,0.4,8.2345
Jiangsu-EP_Coal_1000_OT-ep-856,1.0,7.66
Jiangsu-EP_Coal_1000_OT-ep-857,0.4,8.2345
Jiangsu-EP_Coal_1000_OT-ep-857,1.0,7.66
Jiangsu-EP_Coal_1000_OT-ep-858,0.4,8.2345
Jiangsu-EP_Coal_1000_OT-ep-858,1.0,7.66
Jiangsu-EP_Coal_1000_OT-ep-859,0.4,8.2345
Jiangsu-EP_Coal_1000_OT-ep-859,1.0,7.66
Jiangsu-EP_Coal_1000_RC-ep-3071,0.4,8.2345
Jiangsu-EP_Coal_1000_RC-ep-3071,1.0,7.66
Jiangsu-EP_Coal_1000_RC-ep-3072,0.4,8.2345
Jiangsu-EP_Coal_1000_RC-ep-3072,1.0,7.66
Jiangsu-EP_Coal_1000_RC-ep-3073,0.4,8.2345
Jiangsu-EP_Coal_1000_RC-ep-3073,1.0,7.66
Jiangsu-EP_Coal_1000_RC-ep-842,0.4,8.2345
Jiangsu-EP_Coal_1000_RC-ep-842,1.0,7.66
Jiangsu-EP_Coal_1000_RC-ep-845,0.4,8.2345
Jiangsu-EP_Coal_1000_RC-ep-845,1.0,7.66
Jiangsu-EP_Coal_1000_RC-ep-846,0.4,8.2345
Jiangsu-EP_Coal_1000_RC-ep-846,1.0,7.66
Jiangsu-EP_Coal_1000_RC-ep-847,0.4,8.2345
Jiangsu-EP_Coal_1000_RC-ep-847,1.0,7.66
Jiangsu-EP_Coal_1000_RC-ep-848,0.4,8.2345
Jiangsu-EP_Coal_1000_RC-ep-848,1.0,7.66
Jiangsu-EP_Coal_1000_SEA-ep-3074,0.4,8.2345
Jiangsu-EP_Coal_1000_SEA-ep-3074,1.0,7.66
Jiangsu-EP_Coal_1000_SEA-ep-3075,0.4,8.2345
Jiangsu-EP_Coal_1000_SEA-ep-3075,1.0,7.66
Jiangsu-EP_Coal_300_OT-ep-914,0.4,9.16975
Jiangsu-EP_Coal_300_OT-ep-914,1.0,8.53
Jiangsu-EP_Coal_300_OT-ep-915,0.4,9.16975
Jiangsu-EP_Coal_300_OT-ep-915,1.0,8.53
Jiangsu-EP_Coal_300_OT-ep-916,0.4,9.16975
Jiangsu-EP_Coal_300_OT-ep-916,1.0,8.53
Jiangsu-EP_Coal_300_OT-ep-917,0.4,9.16975
Jiangsu-EP_Coal_300_OT-ep-917,1.0,8.53
Jiangsu-EP_Coal_300_OT-ep-918,0.4,9.16975
Jiangsu-EP_Coal_300_OT-ep-918,1.0,8.53
Jiangsu-EP_Coal_300_OT-ep-919,0.4,9.16975
Jiangsu-EP_Coal_300_OT-ep-919,1.0,8.53
Jiangsu-EP_Coal_300_OT-ep-920,0.4,9.16975
Jiangsu-EP_Coal_300_OT-ep-920,1.0,8.53
Jiangsu-EP_Coal_300_OT-ep-921,0.4,9.16975
Jiangsu-EP_Coal_300_OT-ep-921,1.0,8.53
Jiangsu-EP_Coal_300_OT-ep-935,0.4,9.16975
Jiangsu-EP_Coal_300_OT-ep-935,1.0,8.53
Jiangsu-EP_Coal_300_OT-ep-940,0.4,9.16975
Jiangsu-EP_Coal_300_OT-ep-940,1.0,8.53
Jiangsu-EP_Coal_300_OT-ep-941,0.4,9.16975
Jiangsu-EP_Coal_300_OT-ep-941,1.0,8.53
Jiangsu-EP_Coal_300_OT-ep-942,0.4,9.16975
Jiangsu-EP_Coal_300_OT-ep-942,1.0,8.53
Jiangsu-EP_Coal_300_OT-ep-943,0.4,9.16975
Jiangsu-EP_Coal_300_OT-ep-943,1.0,8.53
Jiangsu-EP_Coal_300_OT-ep-944,0.4,9.16975
Jiangsu-EP_Coal_300_OT-ep-944,1.0,8.53
Jiangsu-EP_Coal_300_OT-ep-945,0.4,9.16975
Jiangsu-EP_Coal_300_OT-ep-945,1.0,8.53
Jiangsu-EP_Coal_300_OT-ep-946,0.4,9.16975
Jiangsu-EP_Coal_300_OT-ep-946,1.0,8.53
Jiangsu-EP_Coal_300_OT-ep-947,0.4,9.16975
Jiangsu-EP_Coal_300_OT-ep-947,1.0,8.53
Jiangsu-EP_Coal_300_OT-ep-948,0.4,9.16975
Jiangsu-EP_Coal_300_OT-ep-948,1.0,8.53
Jiangsu-EP_Coal_300_OT-ep-949,0.4,9.16975
Jiangsu-EP_Coal_300_OT-ep-949,1.0,8.53
Jiangsu-EP_Coal_300_OT-ep-950,0.4,9.16975
Jiangsu-EP_Coal_300_OT-ep-950,1.0,8.53
Jiangsu-EP_Coal_300_OT-ep-951,0.4,9.16975
Jiangsu-EP_Coal_300_OT-ep-951,1.0,8.53
Jiangsu-EP_Coal_300_OT-ep-952,0.4,9.16975
Jiangsu-EP_Coal_300_OT-ep-952,1.0,8.53
Jiangsu-EP_Coal_300_OT-ep-959,0.4,9.16975
Jiangsu-EP_Coal_300_OT-ep-959,1.0,8.53
Jiangsu-EP_Coal_300_OT-ep-960,0.4,9.16975
Jiangsu-EP_Coal_300_OT-ep-960,1.0,8.53
Jiangsu-EP_Coal_300_OT-ep-961,0.4,9.16975
Jiangsu-EP_Coal_300_OT-ep-961,1.0,8.53
Jiangsu-EP_Coal_300_OT-ep-962,0.4,9.16975
Jiangsu-EP_Coal_300_OT-ep-962,1.0,8.53
Jiangsu-EP_Coal_300_OT-ep-967,0.4,9.16975
Jiangsu-EP_Coal_300_OT-ep-967,1.0,8.53
Jiangsu-EP_Coal_300_OT-ep-968,0.4,9.16975
Jiangsu-EP_Coal_300_OT-ep-968,1.0,8.53
Jiangsu-EP_Coal_300_OT-ep-969,0.4,9.16975
Jiangsu-EP_Coal_300_OT-ep-969,1.0,8.53
Jiangsu-EP_Coal_300_OT-ep-970,0.4,9.16975
Jiangsu-EP_Coal_300_OT-ep-970,1.0,8.53
Jiangsu-EP_Coal_300_RC-ep-922,0.4,9.16975
Jiangsu-EP_Coal_300_RC-ep-922,1.0,8.53
Jiangsu-EP_Coal_300_RC-ep-923,0.4,9.16975
Jiangsu-EP_Coal_300_RC-ep-923,1.0,8.53
Jiangsu-EP_Coal_300_RC-ep-924,0.4,9.16975
Jiangsu-EP_Coal_300_RC-ep-924,1.0,8.53
Jiangsu-EP_Coal_300_RC-ep-925,0.4,9.16975
Jiangsu-EP_Coal_300_RC-ep-925,1.0,8.53
Jiangsu-EP_Coal_300_RC-ep-926,0.4,9.16975
Jiangsu-EP_Coal_300_RC-ep-926,1.0,8.53
Jiangsu-EP_Coal_300_RC-ep-927,0.4,9.16975
Jiangsu-EP_Coal_300_RC-ep-927,1.0,8.53
Jiangsu-EP_Coal_300_RC-ep-928,0.4,9.16975
Jiangsu-EP_Coal_300_RC-ep-928,1.0,8.53
Jiangsu-EP_Coal_300_RC-ep-929,0.4,9.16975
Jiangsu-EP_Coal_300_RC-ep-929,1.0,8.53
Jiangsu-EP_Coal_300_RC-ep-930,0.4,9.16975
Jiangsu-EP_Coal_300_RC-ep-930,1.0,8.53
Jiangsu-EP_Coal_300_RC-ep-931,0.4,9.16975
Jiangsu-EP_Coal_300_RC-ep-931,1.0,8.53
Jiangsu-EP_Coal_300_RC-ep-932,0.4,9.16975
Jiangsu-EP_Coal_300_RC-ep-932,1.0,8.53
Jiangsu-EP_Coal_300_RC-ep-933,0.4,9.16975
Jiangsu-EP_Coal_300_RC-ep-933,1.0,8.53
Jiangsu-EP_Coal_300_RC-ep-934,0.4,9.16975
Jiangsu-EP_Coal_300_RC-ep-934,1.0,8.53
Jiangsu-EP_Coal_300_RC-ep-936,0.4,9.16975
Jiangsu-EP_Coal_300_RC-ep-936,1.0,8.53
Jiangsu-EP_Coal_300_RC-ep-937,0.4,9.16975
Jiangsu-EP_Coal_300_RC-ep-937,1.0,8.53
Jiangsu-EP_Coal_300_RC-ep-938,0.4,9.16975
Jiangsu-EP_Coal_300_RC-ep-938,1.0,8.53
Jiangsu-EP_Coal_300_RC-ep-939,0.4,9.16975
Jiangsu-EP_Coal_300_RC-ep-939,1.0,8.53
Jiangsu-EP_Coal_300_RC-ep-953,0.4,9.16975
Jiangsu-EP_Coal_300_RC-ep-953,1.0,8.53
Jiangsu-EP_Coal_300_RC-ep-954,0.4,9.16975
Jiangsu-EP_Coal_300_RC-ep-954,1.0,8.53
Jiangsu-EP_Coal_300_RC-ep-955,0.4,9.16975
Jiangsu-EP_Coal_300_RC-ep-955,1.0,8.53
Jiangsu-EP_Coal_300_RC-ep-956,0.4,9.16975
Jiangsu-EP_Coal_300_RC-ep-956,1.0,8.53
Jiangsu-EP_Coal_300_RC-ep-957,0.4,9.16975
Jiangsu-EP_Coal_300_RC-ep-957,1.0,8.53
Jiangsu-EP_Coal_300_RC-ep-958,0.4,9.16975
Jiangsu-EP_Coal_300_RC-ep-958,1.0,8.53
Jiangsu-EP_Coal_300_RC-ep-963,0.4,9.16975
Jiangsu-EP_Coal_300_RC-ep-963,1.0,8.53
Jiangsu-EP_Coal_300_RC-ep-964,0.4,9.16975
Jiangsu-EP_Coal_300_RC-ep-964,1.0,8.53
Jiangsu-EP_Coal_300_RC-ep-965,0.4,9.16975
Jiangsu-EP_Coal_300_RC-ep-965,1.0,8.53
Jiangsu-EP_Coal_300_RC-ep-966,0.4,9.16975
Jiangsu-EP_Coal_300_RC-ep-966,1.0,8.53
Jiangsu-EP_Coal_600_OT-ep-3076,0.4,8.52475
Jiangsu-EP_Coal_600_OT-ep-3076,1.0,7.93
Jiangsu-EP_Coal_600_OT-ep-3077,0.4,8.52475
Jiangsu-EP_Coal_600_OT-ep-3077,1.0,7.93
Jiangsu-EP_Coal_600_OT-ep-863,0.4,8.52475
Jiangsu-EP_Coal_600_OT-ep-863,1.0,7.93
Jiangsu-EP_Coal_600_OT-ep-864,0.4,8.52475
Jiangsu-EP_Coal_600_OT-ep-864,1.0,7.93
Jiangsu-EP_Coal_600_OT-ep-869,0.4,8.52475
Jiangsu-EP_Coal_600_OT-ep-869,1.0,7.93
Jiangsu-EP_Coal_600_OT-ep-870,0.4,8.52475
Jiangsu-EP_Coal_600_OT-ep-870,1.0,7.93
Jiangsu-EP_Coal_600_OT-ep-871,0.4,8.52475
Jiangsu-EP_Coal_600_OT-ep-871,1.0,7.93
Jiangsu-EP_Coal_600_OT-ep-872,0.4,8.52475
Jiangsu-EP_Coal_600_OT-ep-872,1.0,7.93
Jiangsu-EP_Coal_600_OT-ep-875,0.4,8.52475
Jiangsu-EP_Coal_600_OT-ep-875,1.0,7.93
Jiangsu-EP_Coal_600_OT-ep-876,0.4,8.52475
Jiangsu-EP_Coal_600_OT-ep-876,1.0,7.93
Jiangsu-EP_Coal_600_OT-ep-877,0.4,8.52475
Jiangsu-EP_Coal_600_OT-ep-877,1.0,7.93
Jiangsu-EP_Coal_600_OT-ep-878,0.4,8.52475
Jiangsu-EP_Coal_600_OT-ep-878,1.0,7.93
Jiangsu-EP_Coal_600_OT-ep-879,0.4,8.52475
Jiangsu-EP_Coal_600_OT-ep-879,1.0,7.93
Jiangsu-EP_Coal_600_OT-ep-880,0.4,8.52475
Jiangsu-EP_Coal_600_OT-ep-880,1.0,7.93
Jiangsu-EP_Coal_600_OT-ep-881,0.4,8.52475
Jiangsu-EP_Coal_600_OT-ep-881,1.0,7.93
Jiangsu-EP_Coal_600_OT-ep-882,0.4,8.52475
Jiangsu-EP_Coal_600_OT-ep-882,1.0,7.93
Jiangsu-EP_Coal_600_OT-ep-883,0.4,8.52475
Jiangsu-EP_Coal_600_OT-ep-883,1.0,7.93
Jiangsu-EP_Coal_600_OT-ep-884,0.4,8.52475
Jiangsu-EP_Coal_600_OT-ep-884,1.0,7.93
Jiangsu-EP_Coal_600_OT-ep-885,0.4,8.52475
Jiangsu-EP_Coal_600_OT-ep-885,1.0,7.93
Jiangsu-EP_Coal_600_OT-ep-886,0.4,8.52475
Jiangsu-EP_Coal_600_OT-ep-886,1.0,7.93
Jiangsu-EP_Coal_600_OT-ep-887,0.4,8.52475
Jiangsu-EP_Coal_600_OT-ep-887,1.0,7.93
Jiangsu-EP_Coal_600_OT-ep-888,0.4,8.52475
Jiangsu-EP_Coal_600_OT-ep-888,1.0,7.93
Jiangsu-EP_Coal_600_OT-ep-889,0.4,8.52475
Jiangsu-EP_Coal_600_OT-ep-889,1.0,7.93
Jiangsu-EP_Coal_600_OT-ep-895,0.4,8.52475
Jiangsu-EP_Coal_600_OT-ep-895,1.0,7.93
Jiangsu-EP_Coal_600_OT-ep-896,0.4,8.52475
Jiangsu-EP_Coal_600_OT-ep-896,1.0,7.93
Jiangsu-EP_Coal_600_OT-ep-897,0.4,8.52475
Jiangsu-EP_Coal_600_OT-ep-897,1.0,7.93
Jiangsu-EP_Coal_600_OT-ep-898,0.4,8.52475
Jiangsu-EP_Coal_600_OT-ep-898,1.0,7.93
Jiangsu-EP_Coal_600_OT-ep-899,0.4,8.52475
Jiangsu-EP_Coal_600_OT-ep-899,1.0,7.93
Jiangsu-EP_Coal_600_OT-ep-900,0.4,8.52475
Jiangsu-EP_Coal_600_OT-ep-900,1.0,7.93
Jiangsu-EP_Coal_600_RC-ep-873,0.4,8.52475
Jiangsu-EP_Coal_600_RC-ep-873,1.0,7.93
Jiangsu-EP_Coal_600_RC-ep-874,0.4,8.52475
Jiangsu-EP_Coal_600_RC-ep-874,1.0,7.93
Jiangsu-EP_Coal_600_RC-ep-891,0.4,8.52475
Jiangsu-EP_Coal_600_RC-ep-891,1.0,7.93
Jiangsu-EP_Coal_600_RC-ep-892,0.4,8.52475
Jiangsu-EP_Coal_600_RC-ep-892,1.0,7.93
Jiangsu-EP_Coal_600_RC-ep-893,0.4,8.52475
Jiangsu-EP_Coal_600_RC-ep-893,1.0,7.93
Jiangsu-EP_Coal_600_RC-ep-894,0.4,8.52475
Jiangsu-EP_Coal_600_RC-ep-894,1.0,7.93
Jiangsu-EP_Coal_600_SEA-ep-3078,0.4,8.52475
Jiangsu-EP_Coal_600_SEA-ep-3078,1.0,7.93
Jiangsu-EP_Coal_600_SEA-ep-861,0.4,8.52475
Jiangsu-EP_Coal_600_SEA-ep-861,1.0,7.93
Jiangsu-EP_Coal_600_SEA-ep-862,0.4,8.52475
Jiangsu-EP_Coal_600_SEA-ep-862,1.0,7.93
Jiangsu-EP_Coal_600_SEA-ep-865,0.4,8.52475
Jiangsu-EP_Coal_600_SEA-ep-865,1.0,7.93
Jiangsu-EP_Coal_600_SEA-ep-866,0.4,8.52475
Jiangsu-EP_Coal_600_SEA-ep-866,1.0,7.93
Jiangsu-EP_Coal_600_SEA-ep-867,0.4,8.52475
Jiangsu-EP_Coal_600_SEA-ep-867,1.0,7.93
Jiangsu-EP_Coal_600_SEA-ep-868,0.4,8.52475
Jiangsu-EP_Coal_600_SEA-ep-868,1.0,7.93
Jiangsu-EP_Gas_CCGT_OT-ep-912,0.45,8.68368
Jiangsu-EP_Gas_CCGT_OT-ep-912,1.0,6.32
Jiangsu-EP_Gas_CCGT_OT-ep-913,0.45,8.68368
Jiangsu-EP_Gas_CCGT_OT-ep-913,1.0,6.32
Jiangsu-EP_Gas_CCGT_RC-ep-1015,0.45,9.42564
Jiangsu-EP_Gas_CCGT_RC-ep-1015,1.0,6.86
Jiangsu-EP_Gas_CCGT_RC-ep-3079,0.45,9.42564
Jiangsu-EP_Gas_CCGT_RC-ep-3079,1.0,6.86
Jiangsu-EP_Gas_CCGT_RC-ep-3080,0.45,9.42564
Jiangsu-EP_Gas_CCGT_RC-ep-3080,1.0,6.86
Jiangsu-EP_Gas_CCGT_RC-ep-3081,0.45,9.42564
Jiangsu-EP_Gas_CCGT_RC-ep-3081,1.0,6.86
Jiangsu-EP_Gas_CCGT_RC-ep-3082,0.45,9.42564
Jiangsu-EP_Gas_CCGT_RC-ep-3082,1.0,6.86
Jiangsu-EP_Gas_CCGT_RC-ep-3083,0.45,9.42564
Jiangsu-EP_Gas_CCGT_RC-ep-3083,1.0,6.86
Jiangsu-EP_Gas_CCGT_RC-ep-3084,0.45,9.42564
Jiangsu-EP_Gas_CCGT_RC-ep-3084,1.0,6.86
Jiangsu-EP_Gas_CCGT_RC-ep-901,0.45,9.42564
Jiangsu-EP_Gas_CCGT_RC-ep-901,1.0,6.86
Jiangsu-EP_Gas_CCGT_RC-ep-902,0.45,9.42564
Jiangsu-EP_Gas_CCGT_RC-ep-902,1.0,6.86
Jiangsu-EP_Gas_CCGT_RC-ep-903,0.45,9.42564
Jiangsu-EP_Gas_CCGT_RC-ep-903,1.0,6.86
Jiangsu-EP_Gas_CCGT_RC-ep-904,0.45,9.42564
Jiangsu-EP_Gas_CCGT_RC-ep-904,1.0,6.86
Jiangsu-EP_Gas_CCGT_RC-ep-906,0.45,9.42564
Jiangsu-EP_Gas_CCGT_RC-ep-906,1.0,6.86
Jiangsu-EP_Gas_CCGT_RC-ep-907,0.45,9.42564
Jiangsu-EP_Gas_CCGT_RC-ep-907,1.0,6.86
Jiangsu-EP_Gas_CCGT_RC-ep-908,0.45,9.42564
Jiangsu-EP_Gas_CCGT_RC-ep-908,1.0,6.86
Jiangsu-EP_Gas_CCGT_RC-ep-909,0.45,9.42564
Jiangsu-EP_Gas_CCGT_RC-ep-909,1.0,6.86
Jiangsu-EP_Gas_CCGT_RC-ep-910,0.45,9.42564
Jiangsu-EP_Gas_CCGT_RC-ep-910,1.0,6.86
Jiangsu-EP_Gas_CCGT_RC-ep-911,0.45,9.42564
Jiangsu-EP_Gas_CCGT_RC-ep-911,1.0,6.86
Jiangsu-EP_Gas_CCGT_RC-ep-971,0.45,9.42564
Jiangsu-EP_Gas_CCGT_RC-ep-971,1.0,6.86
Jiangsu-EP_Gas_CCGT_RC-ep-972,0.45,9.42564
Jiangsu-EP_Gas_CCGT_RC-ep-972,1.0,6.86
Jiangsu-EP_Gas_CCGT_RC-ep-973,0.45,9.42564
Jiangsu-EP_Gas_CCGT_RC-ep-973,1.0,6.86
Jiangsu-EP_Gas_CCGT_RC-ep-975,0.45,9.42564
Jiangsu-EP_Gas_CCGT_RC-ep-975,1.0,6.86
Jiangsu-EP_Gas_CCGT_RC-ep-976,0.45,9.42564
Jiangsu-EP_Gas_CCGT_RC-ep-976,1.0,6.86
Jiangsu-EP_Gas_CCGT_RC-ep-977,0.45,9.42564
Jiangsu-EP_Gas_CCGT_RC-ep-977,1.0,6.86
Jiangsu-EP_Gas_CCGT_RC-ep-978,0.45,9.42564
Jiangsu-EP_Gas_CCGT_RC-ep-978,1.0,6.86
Jiangsu-EP_Gas_CCGT_RC-ep-979,0.45,9.42564
Jiangsu-EP_Gas_CCGT_RC-ep-979,1.0,6.86
Jiangsu-EP_Gas_CCGT_RC-ep-980,0.45,9.42564
Jiangsu-EP_Gas_CCGT_RC-ep-980,1.0,6.86
Jiangsu-EP_Gas_CCGT_RC-ep-981,0.45,9.42564
Jiangsu-EP_Gas_CCGT_RC-ep-981,1.0,6.86
Jiangsu-EP_Gas_CCGT_RC-ep-982,0.45,9.42564
Jiangsu-EP_Gas_CCGT_RC-ep-982,1.0,6.86
Jiangsu-EP_Gas_CCGT_RC-ep-983,0.45,9.42564
Jiangsu-EP_Gas_CCGT_RC-ep-983,1.0,6.86
Jiangsu-EP_Gas_CCGT_RC-ep-984,0.45,9.42564
Jiangsu-EP_Gas_CCGT_RC-ep-984,1.0,6.86
Jiangsu-EP_Gas_CCGT_RC-ep-985,0.45,9.42564
Jiangsu-EP_Gas_CCGT_RC-ep-985,1.0,6.86
Jiangsu-EP_Gas_CCGT_RC-ep-986,0.45,9.42564
Jiangsu-EP_Gas_CCGT_RC-ep-986,1.0,6.86
Jiangsu-EP_Gas_CCGT_RC-ep-987,0.45,9.42564
Jiangsu-EP_Gas_CCGT_RC-ep-987,1.0,6.86
Jiangsu-EP_Gas_CCGT_RC-ep-988,0.45,9.42564
Jiangsu-EP_Gas_CCGT_RC-ep-988,1.0,6.86
Jiangsu-EP_Gas_CCGT_RC-ep-989,0.45,9.42564
Jiangsu-EP_Gas_CCGT_RC-ep-989,1.0,6.86
Jiangsu-EP_Gas_CCGT_RC-ep-990,0.45,9.42564
Jiangsu-EP_Gas_CCGT_RC-ep-990,1.0,6.86
Jiangsu-EP_Gas_CCGT_RC-ep-991,0.45,9.42564
Jiangsu-EP_Gas_CCGT_RC-ep-991,1.0,6.86
Jiangsu-Gas_CCGT_OT-11943,0.45,8.88978
Jiangsu-Gas_CCGT_OT-11943,1.0,6.47
Jiangsu-Gas_CCGT_OT-11961,0.45,8.88978
Jiangsu-Gas_CCGT_OT-11961,1.0,6.47
Jiangsu-Gas_CCGT_OT-11979,0.45,8.88978
Jiangsu-Gas_CCGT_OT-11979,1.0,6.47
Jiangsu-Gas_CCGT_OT-12005,0.45,8.88978
Jiangsu-Gas_CCGT_OT-12005,1.0,6.47
Jiangsu-Gas_CCGT_OT-12023,0.45,8.88978
Jiangsu-Gas_CCGT_OT-12023,1.0,6.47
Jiangsu-Gas_CCGT_RC-11953,0.45,9.64548
Jiangsu-Gas_CCGT_RC-11953,1.0,7.02
Jiangsu-Gas_CCGT_RC-11971,0.45,9.64548
Jiangsu-Gas_CCGT_RC-11971,1.0,7.02
Jiangsu-Gas_CCGT_RC-11989,0.45,9.64548
Jiangsu-Gas_CCGT_RC-11989,1.0,7.02
Jiangsu-Gas_CCGT_RC-12015,0.45,9.64548
Jiangsu-Gas_CCGT_RC-12015,1.0,7.02
Jiangsu-Gas_CCGT_RC-12033,0.45,9.64548
Jiangsu-Gas_CCGT_RC-12033,1.0,7.02
Jiangsu-Gas_CCGT_SEA-11997,0.45,8.88978
Jiangsu-Gas_CCGT_SEA-11997,1.0,6.47
Jiangsu-Gas_Combustion_Turbine_RC-13141,0.4,11.03368
Jiangsu-Gas_Combustion_Turbine_RC-13141,1.0,9.76
Shanghai-Coal_1000_OT-11911,0.4,8.471
Shanghai-Coal_1000_OT-11911,1.0,7.88
Shanghai-Coal_1000_RC-11919,0.4,8.471
Shanghai-Coal_1000_RC-11919,1.0,7.88
Shanghai-Coal_1000_SEA-11929,0.4,8.471
Shanghai-Coal_1000_SEA-11929,1.0,7.88
Shanghai-Coal_100_SEA-ep-835,0.4,9.81475
Shanghai-Coal_100_SEA-ep-835,1.0,9.13
Shanghai-Coal_100_SEA-ep-836,0.4,9.81475
Shanghai-Coal_100_SEA-ep-836,1.0,9.13
Shanghai-Coal_300_OT-11915,0.4,9.589
Shanghai-Coal_300_OT-11915,1.0,8.92
Shanghai-Coal_300_RC-11923,0.4,9.589
Shanghai-Coal_300_RC-11923,1.0,8.92
Shanghai-Coal_300_SEA-11933,0.4,9.589
Shanghai-Coal_300_SEA-11933,1.0,8.92
Shanghai-Coal_600_OT-11913,0.4,9.08375
Shanghai-Coal_600_OT-11913,1.0,8.45
Shanghai-Coal_600_RC-11921,0.4,9.08375
Shanghai-Coal_600_RC-11921,1.0,8.45
Shanghai-Coal_600_SEA-11931,0.4,9.08375
Shanghai-Coal_600_SEA-11931,1.0,8.45
Shanghai-Coal_IGCC_RC-11925,0.4,12.75715
Shanghai-Coal_IGCC_RC-11925,1.0,8.89
Shanghai-Coal_Small_OT-ep-827,0.4,10.3845
Shanghai-Coal_Small_OT-ep-827,1.0,9.66
Shanghai-Coal_Small_RC-ep-834,0.4,10.406
Shanghai-Coal_Small_RC-ep-834,1.0,9.68
Shanghai-Coal_Small_SEA-ep-828,0.4,10.3845
Shanghai-Coal_Small_SEA-ep-828,1.0,9.66
Shanghai-EP_Coal_1000_OT-ep-789,0.4,8.2345
Shanghai-EP_Coal_1000_OT-ep-789,1.0,7.66
Shanghai-EP_Coal_1000_OT-ep-790,0.4,8.2345
Shanghai-EP_Coal_1000_OT-ep-790,1.0,7.66
Shanghai-EP_Coal_1000_OT-ep-791,0.4,8.2345
Shanghai-EP_Coal_1000_OT-ep-791,1.0,7.66
Shanghai-EP_Coal_1000_OT-ep-792,0.4,8.2345
Shanghai-EP_Coal_1000_OT-ep-792,1.0,7.66
Shanghai-EP_Coal_1000_SEA-ep-787,0.4,8.2345
Shanghai-EP_Coal_1000_SEA-ep-787,1.0,7.66
Shanghai-EP_Coal_1000_SEA-ep-788,0.4,8.2345
Shanghai-EP_Coal_1000_SEA-ep-788,1.0,7.66
Shanghai-EP_Coal_300_OT-ep-809,0.4,9.16975
Shanghai-EP_Coal_300_OT-ep-809,1.0,8.53
Shanghai-EP_Coal_300_OT-ep-810,0.4,9.16975
Shanghai-EP_Coal_300_OT-ep-810,1.0,8.53
Shanghai-EP_Coal_300_OT-ep-811,0.4,9.16975
Shanghai-EP_Coal_300_OT-ep-811,1.0,8.53
Shanghai-EP_Coal_300_OT-ep-812,0.4,9.16975
Shanghai-EP_Coal_300_OT-ep-812,1.0,8.53
Shanghai-EP_Coal_300_OT-ep-815,0.4,9.16975
Shanghai-EP_Coal_300_OT-ep-815,1.0,8.53
Shanghai-EP_Coal_300_OT-ep-816,0.4,9.16975
Shanghai-EP_Coal_300_OT-ep-816,1.0,8.53
Shanghai-EP_Coal_300_OT-ep-817,0.4,9.16975
Shanghai-EP_Coal_300_OT-ep-817,1.0,8.53
Shanghai-EP_Coal_300_OT-ep-818,0.4,9.16975
Shanghai-EP_Coal_300_OT-ep-818,1.0,8.53
Shanghai-EP_Coal_300_OT-ep-819,0.4,9.16975
Shanghai-EP_Coal_300_OT-ep-819,1.0,8.53
Shanghai-EP_Coal_300_OT-ep-820,0.4,9.16975
Shanghai-EP_Coal_300_OT-ep-820,1.0,8.53
Shanghai-EP_Coal_300_OT-ep-821,0.4,9.16975
Shanghai-EP_Coal_300_OT-ep-821,1.0,8.53
Shanghai-EP_Coal_300_OT-ep-822,0.4,9.16975
Shanghai-EP_Coal_300_OT-ep-822,1.0,8.53
Shanghai-EP_Coal_300_OT-ep-823,0.4,9.16975
Shanghai-EP_Coal_300_OT-ep-823,1.0,8.53
Shanghai-EP_Coal_300_OT-ep-824,0.4,9.16975
Shanghai-EP_Coal_300_OT-ep-824,1.0,8.53
Shanghai-EP_Coal_300_OT-ep-825,0.4,9.16975
Shanghai-EP_Coal_300_OT-ep-825,1.0,8.53
Shanghai-EP_Coal_300_OT-ep-826,0.4,9.16975
Shanghai-EP_Coal_300_OT-ep-826,1.0,8.53
Shanghai-EP_Coal_600_OT-ep-793,0.4,8.52475
Shanghai-EP_Coal_600_OT-ep-793,1.0,7.93
Shanghai-EP_Coal_600_OT-ep-794,0.4,8.52475
Shanghai-EP_Coal_600_OT-ep-794,1.0,7.93
Shanghai-EP_Coal_600_OT-ep-797,0.4,8.52475
Shanghai-EP_Coal_600_OT-ep-797,1.0,7.93
Shanghai-EP_Coal_600_OT-ep-798,0.4,8.52475
Shanghai-EP_Coal_600_OT-ep-798,1.0,7.93
Shanghai-EP_Coal_600_RC-ep-795,0.4,8.52475
Shanghai-EP_Coal_600_RC-ep-795,1.0,7.93
Shanghai-EP_Coal_600_RC-ep-796,0.4,8.52475
Shanghai-EP_Coal_600_RC-ep-796,1.0,7.93
Shanghai-EP_Gas_CCGT_OT-ep-806,0.45,8.68368
Shanghai-EP_Gas_CCGT_OT-ep-806,1.0,6.32
Shanghai-EP_Gas_CCGT_OT-ep-807,0.45,8.68368
Shanghai-EP_Gas_CCGT_OT-ep-807,1.0,6.32
Shanghai-EP_Gas_CCGT_OT-ep-808,0.45,8.68368
Shanghai-EP_Gas_CCGT_OT-ep-808,1.0,6.32
Shanghai-EP_Gas_CCGT_RC-ep-3066,0.45,9.42564
Shanghai-EP_Gas_CCGT_RC-ep-3066,1.0,6.86
Shanghai-EP_Gas_CCGT_RC-ep-799,0.45,9.42564
Shanghai-EP_Gas_CCGT_RC-ep-799,1.0,6.86
Shanghai-EP_Gas_CCGT_RC-ep-800,0.45,9.42564
Shanghai-EP_Gas_CCGT_RC-ep-800,1.0,6.86
Shanghai-EP_Gas_CCGT_RC-ep-803,0.45,9.42564
Shanghai-EP_Gas_CCGT_RC-ep-803,1.0,6.86
Shanghai-EP_Gas_CCGT_RC-ep-829,0.45,9.42564
Shanghai-EP_Gas_CCGT_RC-ep-829,1.0,6.86
Shanghai-EP_Gas_CCGT_RC-ep-830,0.45,9.42564
Shanghai-EP_Gas_CCGT_RC-ep-830,1.0,6.86
Shanghai-EP_Gas_CCGT_RC-ep-831,0.45,9.42564
Shanghai-EP_Gas_CCGT_RC-ep-831,1.0,6.86
Shanghai-EP_Gas_CCGT_RC-ep-832,0.45,9.42564
Shanghai-EP_Gas_CCGT_RC-ep-832,1.0,6.86
Shanghai-EP_Gas_CCGT_RC-ep-833,0.45,9.42564
Shanghai-EP_Gas_CCGT_RC-ep-833,1.0,6.86
Shanghai-EP_Gas_CCGT_RC-ep-837,0.45,9.42564
Shanghai-EP_Gas_CCGT_RC-ep-837,1.0,6.86
Shanghai-EP_Gas_CCGT_RC-ep-838,0.45,9.42564
Shanghai-EP_Gas_CCGT_RC-ep-838,1.0,6.86
Shanghai-EP_Gas_CCGT_SEA-ep-801,0.45,8.68368
Shanghai-EP_Gas_CCGT_SEA-ep-801,1.0,6.32
Shanghai-EP_Gas_CCGT_SEA-ep-802,0.45,8.68368
Shanghai-EP_Gas_CCGT_SEA-ep-802,1.0,6.32
Shanghai-EP_Gas_CCGT_SEA-ep-804,0.45,8.68368
Shanghai-EP_Gas_CCGT_SEA-ep-804,1.0,6.32
Shanghai-EP_Gas_CCGT_SEA-ep-805,0.45,8.68368
Shanghai-EP_Gas_CCGT_SEA-ep-805,1.0,6.32
Shanghai-EP_Gas_CCGT_SEA-ep-813,0.45,8.68368
Shanghai-EP_Gas_CCGT_SEA-ep-813,1.0,6.32
Shanghai-EP_Gas_CCGT_SEA-ep-814,0.45,8.68368
Shanghai-EP_Gas_CCGT_SEA-ep-814,1.0,6.32
Shanghai-Gas_CCGT_OT-11917,0.45,8.88978
Shanghai-Gas_CCGT_OT-11917,1.0,6.47
Shanghai-Gas_CCGT_RC-11927,0.45,9.64548
Shanghai-Gas_CCGT_RC-11927,1.0,7.02
Shanghai-Gas_CCGT_SEA-11935,0.45,8.88978
Shanghai-Gas_CCGT_SEA-11935,1.0,6.47
Shanghai-Gas_Combustion_Turbine_RC-13158,0.4,11.03368
Shanghai-Gas_Combustion_Turbine_RC-13158,1.0,9.76
Sichuan-Coal_1000_RC-12687,0.4,8.471
Sichuan-Coal_1000_RC-12687,1.0,7.88
Sichuan-Coal_1000_RC-12697,0.4,8.471
Sichuan-Coal_1000_RC-12697,1.0,7.88
Sichuan-Coal_1000_RC-12707,0.4,8.471
Sichuan-Coal_1000_RC-12707,1.0,7.88
Sichuan-Coal_1000_RC-12717,0.4,8.471
Sichuan-Coal_1000_RC-12717,1.0,7.88
Sichuan-Coal_100_RC-ep-2130,0.4,9.7395
Sichuan-Coal_100_RC-ep-2130,1.0,9.06
Sichuan-Coal_100_RC-ep-2131,0.4,9.7395
Sichuan-Coal_100_RC-ep-2131,1.0,9.06
Sichuan-Coal_100_RC-ep-2132,0.4,9.7395
Sichuan-Coal_100_RC-ep-2132,1.0,9.06
Sichuan-Coal_100_RC-ep-2133,0.4,9.7395
Sichuan-Coal_100_RC-ep-2133,1.0,9.06
Sichuan-Coal_100_RC-ep-2134,0.4,9.7395
Sichuan-Coal_100_RC-ep-2134,1.0,9.06
Sichuan-Coal_100_RC-ep-2135,0.4,9.7395
Sichuan-Coal_100_RC-ep-2135,1.0,9.06
Sichuan-Coal_100_RC-ep-2136,0.4,9.7395
Sichuan-Coal_100_RC-ep-2136,1.0,9.06
Sichuan-Coal_100_RC-ep-2137,0.4,9.7395
Sichuan-Coal_100_RC-ep-2137,1.0,9.06
Sichuan-Coal_100_RC-ep-2138,0.4,9.7395
Sichuan-Coal_100_RC-ep-2138,1.0,9.06
Sichuan-Coal_100_RC-ep-2139,0.4,9.7395
Sichuan-Coal_100_RC-ep-2139,1.0,9.06
Sichuan-Coal_100_RC-ep-2140,0.4,9.7395
Sichuan-Coal_100_RC-ep-2140,1.0,9.06
Sichuan-Coal_300_RC-12691,0.4,9.589
Sichuan-Coal_300_RC-12691,1.0,8.92
Sichuan-Coal_300_RC-12701,0.4,9.589
Sichuan-Coal_300_RC-12701,1.0,8.92
Sichuan-Coal_300_RC-12711,0.4,9.589
Sichuan-Coal_300_RC-12711,1.0,8.92
Sichuan-Coal_300_RC-12721,0.4,9.589
Sichuan-Coal_300_RC-12721,1.0,8.92
Sichuan-Coal_600_RC-12689,0.4,9.08375
Sichuan-Coal_600_RC-12689,1.0,8.45
Sichuan-Coal_600_RC-12699,0.4,9.08375
Sichuan-Coal_600_RC-12699,1.0,8.45
Sichuan-Coal_600_RC-12709,0.4,9.08375
Sichuan-Coal_600_RC-12709,1.0,8.45
Sichuan-Coal_600_RC-12719,0.4,9.08375
Sichuan-Coal_600_RC-12719,1.0,8.45
Sichuan-Coal_IGCC_RC-12693,0.4,12.75715
Sichuan-Coal_IGCC_RC-12693,1.0,8.89
Sichuan-Coal_IGCC_RC-12703,0.4,12.75715
Sichuan-Coal_IGCC_RC-12703,1.0,8.89
Sichuan-Coal_IGCC_RC-12713,0.4,12.75715
Sichuan-Coal_IGCC_RC-12713,1.0,8.89
Sichuan-Coal_IGCC_RC-12723,0.4,12.75715
Sichuan-Coal_IGCC_RC-12723,1.0,8.89
Sichuan-Coal_Small_RC-ep-2102,0.4,10.406
Sichuan-Coal_Small_RC-ep-2102,1.0,9.68
Sichuan-Coal_Small_RC-ep-2129,0.4,10.406
Sichuan-Coal_Small_RC-ep-2129,1.0,9.68
Sichuan-Coal_Small_RC-ep-2141,0.4,10.406
Sichuan-Coal_Small_RC-ep-2141,1.0,9.68
Sichuan-Coal_Small_RC-ep-2142,0.4,10.406
Sichuan-Coal_Small_RC-ep-2142,1.0,9.68
Sichuan-EP_Coal_300_RC-ep-2116,0.4,9.16975
Sichuan-EP_Coal_300_RC-ep-2116,1.0,8.53
Sichuan-EP_Coal_300_RC-ep-2117,0.4,9.16975
Sichuan-EP_Coal_300_RC-ep-2117,1.0,8.53
Sichuan-EP_Coal_300_RC-ep-2118,0.4,9.16975
Sichuan-EP_Coal_300_RC-ep-2118,1.0,8.53
Sichuan-EP_Coal_300_RC-ep-2119,0.4,9.16975
Sichuan-EP_Coal_300_RC-ep-2119,1.0,8.53
Sichuan-EP_Coal_300_RC-ep-2120,0.4,9.16975
Sichuan-EP_Coal_300_RC-ep-2120,1.0,8.53
Sichuan-EP_Coal_300_RC-ep-2121,0.4,9.16975
Sichuan-EP_Coal_300_RC-ep-2121,1.0,8.53
Sichuan-EP_Coal_300_RC-ep-2122,0.4,9.16975
Sichuan-EP_Coal_300_RC-ep-2122,1.0,8.53
Sichuan-EP_Coal_300_RC-ep-2123,0.4,9.16975
Sichuan-EP_Coal_300_RC-ep-2123,1.0,8.53
Sichuan-EP_Coal_300_RC-ep-2124,0.4,9.16975
Sichuan-EP_Coal_300_RC-ep-2124,1.0,8.53
Sichuan-EP_Coal_300_RC-ep-2125,0.4,9.16975
Sichuan-EP_Coal_300_RC-ep-2125,1.0,8.53
Sichuan-EP_Coal_300_RC-ep-2126,0.4,9.16975
Sichuan-EP_Coal_300_RC-ep-2126,1.0,8.53
Sichuan-EP_Coal_300_RC-ep-2127,0.4,9.16975
Sichuan-EP_Coal_300_RC-ep-2127,1.0,8.53
Sichuan-EP_Coal_300_RC-ep-2128,0.4,9.16975
Sichuan-EP_Coal_300_RC-ep-2128,1.0,8.53
Sichuan-EP_Coal_300_RC-ep-3178,0.4,9.16975
Sichuan-EP_Coal_300_RC-ep-3178,1.0,8.53
Sichuan-EP_Coal_600_RC-ep-2103,0.4,8.52475
Sichuan-EP_Coal_600_RC-ep-2103,1.0,7.93
Sichuan-EP_Coal_600_RC-ep-2104,0.4,8.52475
Sichuan-EP_Coal_600_RC-ep-2104,1.0,7.93
Sichuan-EP_Coal_600_RC-ep-2105,0.4,8.52475
Sichuan-EP_Coal_600_RC-ep-2105,1.0,7.93
Sichuan-EP_Coal_600_RC-ep-2106,0.4,8.52475
Sichuan-EP_Coal_600_RC-ep-2106,1.0,7.93
Sichuan-EP_Coal_600_RC-ep-2107,0.4,8.52475
Sichuan-EP_Coal_600_RC-ep-2107,1.0,7.93
Sichuan-EP_Coal_600_RC-ep-2108,0.4,8.52475
Sichuan-EP_Coal_600_RC-ep-2108,1.0,7.93
Sichuan-EP_Coal_600_RC-ep-2109,0.4,8.52475
Sichuan-EP_Coal_600_RC-ep-2109,1.0,7.93
Sichuan-EP_Coal_600_RC-ep-2110,0.4,8.52475
Sichuan-EP_Coal_600_RC-ep-2110,1.0,7.93
Sichuan-EP_Coal_600_RC-ep-2111,0.4,8.52475
Sichuan-EP_Coal_600_RC-ep-2111,1.0,7.93
Sichuan-EP_Coal_600_RC-ep-2112,0.4,8.52475
Sichuan-EP_Coal_600_RC-ep-2112,1.0,7.93
Sichuan-EP_Coal_600_RC-ep-2113,0.4,8.52475
Sichuan-EP_Coal_600_RC-ep-2113,1.0,7.93
Sichuan-EP_Gas_CCGT_RC-ep-2114,0.45,9.42564
Sichuan-EP_Gas_CCGT_RC-ep-2114,1.0,6.86
Sichuan-EP_Gas_CCGT_RC-ep-2115,0.45,9.42564
Sichuan-EP_Gas_CCGT_RC-ep-2115,1.0,6.86
Sichuan-EP_Gas_CCGT_RC-ep-2144,0.45,9.42564
Sichuan-EP_Gas_CCGT_RC-ep-2144,1.0,6.86
Sichuan-Gas_CCGT_RC-12695,0.45,9.64548
Sichuan-Gas_CCGT_RC-12695,1.0,7.02
Sichuan-Gas_CCGT_RC-12705,0.45,9.64548
Sichuan-Gas_CCGT_RC-12705,1.0,7.02
Sichuan-Gas_CCGT_RC-12715,0.45,9.64548
Sichuan-Gas_CCGT_RC-12715,1.0,7.02
Sichuan-Gas_CCGT_RC-12725,0.45,9.64548
Sichuan-Gas_CCGT_RC-12725,1.0,7.02
Sichuan-Gas_Combustion_Turbine_RC-13090,0.4,11.03368
Sichuan-Gas_Combustion_Turbine_RC-13090,1.0,9.76
Zhejiang-Coal_1000_OT-12063,0.4,8.471
Zhejiang-Coal_1000_OT-12063,1.0,7.88
Zhejiang-Coal_1000_RC-12035,0.4,8.471
Zhejiang-Coal_1000_RC-12035,1.0,7.88
Zhejiang-Coal_1000_RC-12045,0.4,8.471
Zhejiang-Coal_1000_RC-12045,1.0,7.88
Zhejiang-Coal_1000_RC-12071,0.4,8.471
Zhejiang-Coal_1000_RC-12071,1.0,7.88
Zhejiang-Coal_1000_RC-12089,0.4,8.471
Zhejiang-Coal_1000_RC-12089,1.0,7.88
Zhejiang-Coal_1000_SEA-12055,0.4,8.471
Zhejiang-Coal_1000_SEA-12055,1.0,7.88
Zhejiang-Coal_1000_SEA-12081,0.4,8.471
Zhejiang-Coal_1000_SEA-12081,1.0,7.88
Zhejiang-Coal_1000_SEA-12099,0.4,8.471
Zhejiang-Coal_1000_SEA-12099,1.0,7.88
Zhejiang-Coal_100_OT-ep-1111,0.4,9.81475
Zhejiang-Coal_100_OT-ep-1111,1.0,9.13
Zhejiang-Coal_100_OT-ep-1112,0.4,9.81475
Zhejiang-Coal_100_OT-ep-1112,1.0,9.13
Zhejiang-Coal_100_OT-ep-1113,0.4,9.81475
Zhejiang-Coal_100_OT-ep-1113,1.0,9.13
Zhejiang-Coal_100_OT-ep-1114,0.4,9.81475
Zhejiang-Coal_100_OT-ep-1114,1.0,9.13
Zhejiang-Coal_100_OT-ep-1131,0.4,9.81475
Zhejiang-Coal_100_OT-ep-1131,1.0,9.13
Zhejiang-Coal_100_OT-ep-1132,0.4,9.81475
Zhejiang-Coal_100_OT-ep-1132,1.0,9.13
Zhejiang-Coal_100_OT-ep-1133,0.4,9.81475
Zhejiang-Coal_100_OT-ep-1133,1.0,9.13
Zhejiang-Coal_100_OT-ep-1134,0.4,9.81475
Zhejiang-Coal_100_OT-ep-1134,1.0,9.13
Zhejiang-Coal_100_OT-ep-1135,0.4,9.81475
Zhejiang-Coal_100_OT-ep-1135,1.0,9.13
Zhejiang-Coal_100_OT-ep-1136,0.4,9.81475
Zhejiang-Coal_100_OT-ep-1136,1.0,9.13
Zhejiang-Coal_100_RC-ep-1124,0.4,9.7395
Zhejiang-Coal_100_RC-ep-1124,1.0,9.06
Zhejiang-Coal_100_RC-ep-1125,0.4,9.7395
Zhejiang-Coal_100_RC-ep-1125,1.0,9.06
Zhejiang-Coal_100_RC-ep-1127,0.4,9.7395
Zhejiang-Coal_100_RC-ep-1127,1.0,9.06
Zhejiang-Coal_100_RC-ep-1128,0.4,9.7395
Zhejiang-Coal_100_RC-ep-1128,1.0,9.06
Zhejiang-Coal_100_RC-ep-1129,0.4,9.7395
Zhejiang-Coal_100_RC-ep-1129,1.0,9.06
Zhejiang-Coal_100_SEA-ep-1120,0.4,9.81475
Zhejiang-Coal_100_SEA-ep-1120,1.0,9.13
Zhejiang-Coal_100_SEA-ep-1121,0.4,9.81475
Zhejiang-Coal_100_SEA-ep-1121,1.0,9.13
Zhejiang-Coal_100_SEA-ep-1122,0.4,9.81475
Zhejiang-Coal_100_SEA-ep-1122,1.0,9.13
Zhejiang-Coal_100_SEA-ep-1126,0.4,9.81475
Zhejiang-Coal_100_SEA-ep-1126,1.0,9.13
Zhejiang-Coal_100_SEA-ep-1130,0.4,9.81475
Zhejiang-Coal_100_SEA-ep-1130,1.0,9.13
Zhejiang-Coal_300_OT-12067,0.4,9.589
Zhejiang-Coal_300_OT-12067,1.0,8.92
Zhejiang-Coal_300_RC-12039,0.4,9.589
Zhejiang-Coal_300_RC-12039,1.0,8.92
Zhejiang-Coal_300_RC-12049,0.4,9.589
Zhejiang-Coal_300_RC-12049,1.0,8.92
Zhejiang-Coal_300_RC-12075,0.4,9.589
Zhejiang-Coal_300_RC-12075,1.0,8.92
Zhejiang-Coal_300_RC-12093,0.4,9.589
Zhejiang-Coal_300_RC-12093,1.0,8.92
Zhejiang-Coal_300_SEA-12059,0.4,9.589
Zhejiang-Coal_300_SEA-12059,1.0,8.92
Zhejiang-Coal_300_SEA-12085,0.4,9.589
Zhejiang-Coal_300_SEA-12085,1.0,8.92
Zhejiang-Coal_300_SEA-12103,0.4,9.589
Zhejiang-Coal_300_SEA-12103,1.0,8.92
Zhejiang-Coal_600_OT-12065,0.4,9.08375
Zhejiang-Coal_600_OT-12065,1.0,8.45
Zhejiang-Coal_600_RC-12037,0.4,9.08375
Zhejiang-Coal_600_RC-12037,1.0,8.45
Zhejiang-Coal_600_RC-12047,0.4,9.08375
Zhejiang-Coal_600_RC-12047,1.0,8.45
Zhejiang-Coal_600_RC-12073,0.4,9.08375
Zhejiang-Coal_600_RC-12073,1.0,8.45
Zhejiang-Coal_600_RC-12091,0.4,9.08375
Zhejiang-Coal_600_RC-12091,1.0,8.45
Zhejiang-Coal_600_SEA-12057,0.4,9.08375
Zhejiang-Coal_600_SEA-12057,1.0,8.45
Zhejiang-Coal_600_SEA-12083,0.4,9.08375
Zhejiang-Coal_600_SEA-12083,1.0,8.45
Zhejiang-Coal_600_SEA-12101,0.4,9.08375
Zhejiang-Coal_600_SEA-12101,1.0,8.45
Zhejiang-Coal_IGCC_RC-12041,0.4,12.75715
Zhejiang-Coal_IGCC_RC-12041,1.0,8.89
Zhejiang-Coal_IGCC_RC-12051,0.4,12.75715
Zhejiang-Coal_IGCC_RC-12051,1.0,8.89
Zhejiang-Coal_IGCC_RC-12077,0.4,12.75715
Zhejiang-Coal_IGCC_RC-12077,1.0,8.89
Zhejiang-Coal_IGCC_RC-12095,0.4,12.75715
Zhejiang-Coal_IGCC_RC-12095,1.0,8.89
Zhejiang-Coal_Small_OT-ep-1123,0.4,10.3845
Zhejiang-Coal_Small_OT-ep-1123,1.0,9.66
Zhejiang-Coal_Small_OT-ep-1146,0.4,10.3845
Zhejiang-Coal_Small_OT-ep-1146,1.0,9.66
Zhejiang-Coal_Small_RC-ep-1018,0.4,10.406
Zhejiang-Coal_Small_RC-ep-1018,1.0,9.68
Zhejiang-Coal_Small_RC-ep-1036,0.4,10.406
Zhejiang-Coal_Small_RC-ep-1036,1.0,9.68
Zhejiang-Coal_Small_RC-ep-1037,0.4,10.406
Zhejiang-Coal_Small_RC-ep-1037,1.0,9.68
Zhejiang-Coal_Small_RC-ep-1137,0.4,10.406
Zhejiang-Coal_Small_RC-ep-1137,1.0,9.68
Zhejiang-Coal_Small_SEA-ep-1117,0.4,10.3845
Zhejiang-Coal_Small_SEA-ep-1117,1.0,9.66
Zhejiang-EP_Coal_1000_RC-ep-1022,0.4,8.2345
Zhejiang-EP_Coal_1000_RC-ep-1022,1.0,7.66
Zhejiang-EP_Coal_1000_RC-ep-1023,0.4,8.2345
Zhejiang-EP_Coal_1000_RC-ep-1023,1.0,7.66
Zhejiang-EP_Coal_1000_SEA-ep-1020,0.4,8.2345
Zhejiang-EP_Coal_1000_SEA-ep-1020,1.0,7.66
Zhejiang-EP_Coal_1000_SEA-ep-1021,0.4,8.2345
Zhejiang-EP_Coal_1000_SEA-ep-1021,1.0,7.66
Zhejiang-EP_Coal_1000_SEA-ep-1024,0.4,8.2345
Zhejiang-EP_Coal_1000_SEA-ep-1024,1.0,7.66
Zhejiang-EP_Coal_1000_SEA-ep-1025,0.4,8.2345
Zhejiang-EP_Coal_1000_SEA-ep-1025,1.0,7.66
Zhejiang-EP_Coal_1000_SEA-ep-1026,0.4,8.2345
Zhejiang-EP_Coal_1000_SEA-ep-1026,1.0,7.66
Zhejiang-EP_Coal_1000_SEA-ep-1027,0.4,8.2345
Zhejiang-EP_Coal_1000_SEA-ep-1027,1.0,7.66
Zhejiang-EP_Coal_1000_SEA-ep-1028,0.4,8.2345
Zhejiang-EP_Coal_1000_SEA-ep-1028,1.0,7.66
Zhejiang-EP_Coal_1000_SEA-ep-1029,0.4,8.2345
Zhejiang-EP_Coal_1000_SEA-ep-1029,1.0,7.66
Zhejiang-EP_Coal_1000_SEA-ep-1030,0.4,8.2345
Zhejiang-EP_Coal_1000_SEA-ep-1030,1.0,7.66
Zhejiang-EP_Coal_1000_SEA-ep-1031,0.4,8.2345
Zhejiang-EP_Coal_1000_SEA-ep-1031,1.0,7.66
Zhejiang-EP_Coal_1000_SEA-ep-1032,0.4,8.2345
Zhejiang-EP_Coal_1000_SEA-ep-1032,1.0,7.66
Zhejiang-EP_Coal_1000_SEA-ep-1033,0.4,8.2345
Zhejiang-EP_Coal_1000_SEA-ep-1033,1.0,7.66
Zhejiang-EP_Coal_1000_SEA-ep-1034,0.4,8.2345
Zhejiang-EP_Coal_1000_SEA-ep-1034,1.0,7.66
Zhejiang-EP_Coal_1000_SEA-ep-1035,0.4,8.2345
Zhejiang-EP_Coal_1000_SEA-ep-1035,1.0,7.66
Zhejiang-EP_Coal_1000_SEA-ep-3087,0.4,8.2345
Zhejiang-EP_Coal_1000_SEA-ep-3087,1.0,7.66
Zhejiang-EP_Coal_1000_SEA-ep-3088,0.4,8.2345
Zhejiang-EP_Coal_1000_SEA-ep-3088,1.0,7.66
Zhejiang-EP_Coal_300_OT-ep-1091,0.4,9.16975
Zhejiang-EP_Coal_300_OT-ep-1091,1.0,8.53
Zhejiang-EP_Coal_300_OT-ep-1092,0.4,9.16975
Zhejiang-EP_Coal_300_OT-ep-1092,1.0,8.53
Zhejiang-EP_Coal_300_OT-ep-1104,0.4,9.16975
Zhejiang-EP_Coal_300_OT-ep-1104,1.0,8.53
Zhejiang-EP_Coal_300_OT-ep-1105,0.4,9.16975
Zhejiang-EP_Coal_300_OT-ep-1105,1.0,8.53
Zhejiang-EP_Coal_300_RC-ep-1089,0.4,9.16975
Zhejiang-EP_Coal_300_RC-ep-1089,1.0,8.53
Zhejiang-EP_Coal_300_RC-ep-1090,0.4,9.16975
Zhejiang-EP_Coal_300_RC-ep-1090,1.0,8.53
Zhejiang-EP_Coal_300_RC-ep-1097,0.4,9.16975
Zhejiang-EP_Coal_300_RC-ep-1097,1.0,8.53
Zhejiang-EP_Coal_300_RC-ep-1098,0.4,9.16975
Zhejiang-EP_Coal_300_RC-ep-1098,1.0,8.53
Zhejiang-EP_Coal_300_RC-ep-1099,0.4,9.16975
Zhejiang-EP_Coal_300_RC-ep-1099,1.0,8.53
Zhejiang-EP_Coal_300_RC-ep-1100,0.4,9.16975
Zhejiang-EP_Coal_300_RC-ep-1100,1.0,8.53
Zhejiang-EP_Coal_300_RC-ep-1101,0.4,9.16975
Zhejiang-EP_Coal_300_RC-ep-1101,1.0,8.53
Zhejiang-EP_Coal_300_RC-ep-1102,0.4,9.16975
Zhejiang-EP_Coal_300_RC-ep-1102,1.0,8.53
Zhejiang-EP_Coal_300_SEA-ep-1086,0.4,9.16975
Zhejiang-EP_Coal_300_SEA-ep-1086,1.0,8.53
Zhejiang-EP_Coal_300_SEA-ep-1093,0.4,9.16975
Zhejiang-EP_Coal_300_SEA-ep-1093,1.0,8.53
Zhejiang-EP_Coal_300_SEA-ep-1094,0.4,9.16975
Zhejiang-EP_Coal_300_SEA-ep-1094,1.0,8.53
Zhejiang-EP_Coal_300_SEA-ep-1095,0.4,9.16975
Zhejiang-EP_Coal_300_SEA-ep-1095,1.0,8.53
Zhejiang-EP_Coal_300_SEA-ep-1103,0.4,9.16975
Zhejiang-EP_Coal_300_SEA-ep-1103,1.0,8.53
Zhejiang-EP_Coal_300_SEA-ep-1107,0.4,9.16975
Zhejiang-EP_Coal_300_SEA-ep-1107,1.0,8.53
Zhejiang-EP_Coal_600_RC-ep-1038,0.4,8.52475
Zhejiang-EP_Coal_600_RC-ep-1038,1.0,7.93
Zhejiang-EP_Coal_600_RC-ep-1039,0.4,8.52475
Zhejiang-EP_Coal_600_RC-ep-1039,1.0,7.93
Zhejiang-EP_Coal_600_RC-ep-1048,0.4,8.52475
Zhejiang-EP_Coal_600_RC-ep-1048,1.0,7.93
Zhejiang-EP_Coal_600_RC-ep-1049,0.4,8.52475
Zhejiang-EP_Coal_600_RC-ep-1049,1.0,7.93
Zhejiang-EP_Coal_600_RC-ep-1050,0.4,8.52475
Zhejiang-EP_Coal_600_RC-ep-1050,1.0,7.93
Zhejiang-EP_Coal_600_RC-ep-1051,0.4,8.52475
Zhejiang-EP_Coal_600_RC-ep-1051,1.0,7.93
Zhejiang-EP_Coal_600_SEA-ep-1040,0.4,8.52475
Zhejiang-EP_Coal_600_SEA-ep-1040,1.0,7.93
Zhejiang-EP_Coal_600_SEA-ep-1041,0.4,8.52475
Zhejiang-EP_Coal_600_SEA-ep-1041,1.0,7.93
Zhejiang-EP_Coal_600_SEA-ep-1042,0.4,8.52475
Zhejiang-EP_Coal_600_SEA-ep-1042,1.0,7.93
Zhejiang-EP_Coal_600_SEA-ep-1043,0.4,8.52475
Zhejiang-EP_Coal_600_SEA-ep-1043,1.0,7.93
Zhejiang-EP_Coal_600_SEA-ep-1044,0.4,8.52475
Zhejiang-EP_Coal_600_SEA-ep-1044,1.0,7.93
Zhejiang-EP_Coal_600_SEA-ep-1045,0.4,8.52475
Zhejiang-EP_Coal_600_SEA-ep-1045,1.0,7.93
Zhejiang-EP_Coal_600_SEA-ep-1046,0.4,8.52475
Zhejiang-EP_Coal_600_SEA-ep-1046,1.0,7.93
Zhejiang-EP_Coal_600_SEA-ep-1047,0.4,8.52475
Zhejiang-EP_Coal_600_SEA-ep-1047,1.0,7.93
Zhejiang-EP_Coal_600_SEA-ep-1052,0.4,8.52475
Zhejiang-EP_Coal_600_SEA-ep-1052,1.0,7.93
Zhejiang-EP_Coal_600_SEA-ep-1053,0.4,8.52475
Zhejiang-EP_Coal_600_SEA-ep-1053,1.0,7.93
Zhejiang-EP_Coal_600_SEA-ep-1054,0.4,8.52475
Zhejiang-EP_Coal_600_SEA-ep-1054,1.0,7.93
Zhejiang-EP_Coal_600_SEA-ep-1055,0.4,8.52475
Zhejiang-EP_Coal_600_SEA-ep-1055,1.0,7.93
Zhejiang-EP_Coal_600_SEA-ep-1056,0.4,8.52475
Zhejiang-EP_Coal_600_SEA-ep-1056,1.0,7.93
Zhejiang-EP_Coal_600_SEA-ep-1057,0.4,8.52475
Zhejiang-EP_Coal_600_SEA-ep-1057,1.0,7.93
Zhejiang-EP_Coal_600_SEA-ep-1058,0.4,8.52475
Zhejiang-EP_Coal_600_SEA-ep-1058,1.0,7.93
Zhejiang-EP_Coal_600_SEA-ep-1059,0.4,8.52475
Zhejiang-EP_Coal_600_SEA-ep-1059,1.0,7.93
Zhejiang-EP_Coal_600_SEA-ep-1060,0.4,8.52475
Zhejiang-EP_Coal_600_SEA-ep-1060,1.0,7.93
Zhejiang-EP_Coal_600_SEA-ep-1061,0.4,8.52475
Zhejiang-EP_Coal_600_SEA-ep-1061,1.0,7.93
Zhejiang-EP_Coal_600_SEA-ep-1062,0.4,8.52475
Zhejiang-EP_Coal_600_SEA-ep-1062,1.0,7.93
Zhejiang-EP_Coal_600_SEA-ep-1063,0.4,8.52475
Zhejiang-EP_Coal_600_SEA-ep-1063,1.0,7.93
Zhejiang-EP_Coal_600_SEA-ep-1064,0.4,8.52475
Zhejiang-EP_Coal_600_SEA-ep-1064,1.0,7.93
Zhejiang-EP_Coal_600_SEA-ep-1065,0.4,8.52475
Zhejiang-EP_Coal_600_SEA-ep-1065,1.0,7.93
Zhejiang-EP_Coal_600_SEA-ep-1066,0.4,8.52475
Zhejiang-EP_Coal_600_SEA-ep-1066,1.0,7.93
Zhejiang-EP_Coal_600_SEA-ep-3089,0.4,8.52475
Zhejiang-EP_Coal_600_SEA-ep-3089,1.0,7.93
Zhejiang-EP_Coal_600_SEA-ep-3090,0.4,8.52475
Zhejiang-EP_Coal_600_SEA-ep-3090,1.0,7.93
Zhejiang-EP_Gas_CCGT_OT-ep-1084,0.45,8.68368
Zhejiang-EP_Gas_CCGT_OT-ep-1084,1.0,6.32
Zhejiang-EP_Gas_CCGT_OT-ep-1085,0.45,8.68368
Zhejiang-EP_Gas_CCGT_OT-ep-1085,1.0,6.32
Zhejiang-EP_Gas_CCGT_OT-ep-1106,0.45,8.68368
Zhejiang-EP_Gas_CCGT_OT-ep-1106,1.0,6.32
Zhejiang-EP_Gas_CCGT_RC-ep-1067,0.45,9.42564
Zhejiang-EP_Gas_CCGT_RC-ep-1067,1.0,6.86
Zhejiang-EP_Gas_CCGT_RC-ep-1068,0.45,9.42564
Zhejiang-EP_Gas_CCGT_RC-ep-1068,1.0,6.86
Zhejiang-EP_Gas_CCGT_RC-ep-1069,0.45,9.42564
Zhejiang-EP_Gas_CCGT_RC-ep-1069,1.0,6.86
Zhejiang-EP_Gas_CCGT_RC-ep-1070,0.45,9.42564
Zhejiang-EP_Gas_CCGT_RC-ep-1070,1.0,6.86
Zhejiang-EP_Gas_CCGT_RC-ep-1071,0.45,9.42564
Zhejiang-EP_Gas_CCGT_RC-ep-1071,1.0,6.86
Zhejiang-EP_Gas_CCGT_RC-ep-1072,0.45,9.42564
Zhejiang-EP_Gas_CCGT_RC-ep-1072,1.0,6.86
Zhejiang-EP_Gas_CCGT_RC-ep-1073,0.45,9.42564
Zhejiang-EP_Gas_CCGT_RC-ep-1073,1.0,6.86
Zhejiang-EP_Gas_CCGT_RC-ep-1074,0.45,9.42564
Zhejiang-EP_Gas_CCGT_RC-ep-1074,1.0,6.86
Zhejiang-EP_Gas_CCGT_RC-ep-1075,0.45,9.42564
Zhejiang-EP_Gas_CCGT_RC-ep-1075,1.0,6.86
Zhejiang-EP_Gas_CCGT_RC-ep-1076,0.45,9.42564
Zhejiang-EP_Gas_CCGT_RC-ep-1076,1.0,6.86
Zhejiang-EP_Gas_CCGT_RC-ep-1077,0.45,9.42564
Zhejiang-EP_Gas_CCGT_RC-ep-1077,1.0,6.86
Zhejiang-EP_Gas_CCGT_RC-ep-1078,0.45,9.42564
Zhejiang-EP_Gas_CCGT_RC-ep-1078,1.0,6.86
Zhejiang-EP_Gas_CCGT_RC-ep-1079,0.45,9.42564
Zhejiang-EP_Gas_CCGT_RC-ep-1079,1.0,6.86
Zhejiang-EP_Gas_CCGT_RC-ep-1080,0.45,9.42564
Zhejiang-EP_Gas_CCGT_RC-ep-1080,1.0,6.86
Zhejiang-EP_Gas_CCGT_RC-ep-1081,0.45,9.42564
Zhejiang-EP_Gas_CCGT_RC-ep-1081,1.0,6.86
Zhejiang-EP_Gas_CCGT_RC-ep-1082,0.45,9.42564
Zhejiang-EP_Gas_CCGT_RC-ep-1082,1.0,6.86
Zhejiang-EP_Gas_CCGT_RC-ep-1083,0.45,9.42564
Zhejiang-EP_Gas_CCGT_RC-ep-1083,1.0,6.86
Zhejiang-EP_Gas_CCGT_RC-ep-1108,0.45,9.42564
Zhejiang-EP_Gas_CCGT_RC-ep-1108,1.0,6.86
Zhejiang-EP_Gas_CCGT_RC-ep-1109,0.45,9.42564
Zhejiang-EP_Gas_CCGT_RC-ep-1109,1.0,6.86
Zhejiang-EP_Gas_CCGT_RC-ep-1110,0.45,9.42564
Zhejiang-EP_Gas_CCGT_RC-ep-1110,1.0,6.86
Zhejiang-EP_Gas_CCGT_RC-ep-1115,0.45,9.42564
Zhejiang-EP_Gas_CCGT_RC-ep-1115,1.0,6.86
Zhejiang-EP_Gas_CCGT_RC-ep-1116,0.45,9.42564
Zhejiang-EP_Gas_CCGT_RC-ep-1116,1.0,6.86
Zhejiang-EP_Gas_CCGT_RC-ep-1118,0.45,9.42564
Zhejiang-EP_Gas_CCGT_RC-ep-1118,1.0,6.86
Zhejiang-EP_Gas_CCGT_RC-ep-1119,0.45,9.42564
Zhejiang-EP_Gas_CCGT_RC-ep-1119,1.0,6.86
Zhejiang-EP_Gas_CCGT_RC-ep-1138,0.45,9.42564
Zhejiang-EP_Gas_CCGT_RC-ep-1138,1.0,6.86
Zhejiang-EP_Gas_CCGT_RC-ep-1139,0.45,9.42564
Zhejiang-EP_Gas_CCGT_RC-ep-1139,1.0,6.86
Zhejiang-EP_Gas_CCGT_RC-ep-1140,0.45,9.42564
Zhejiang-EP_Gas_CCGT_RC-ep-1140,1.0,6.86
Zhejiang-EP_Gas_CCGT_RC-ep-1141,0.45,9.42564
Zhejiang-EP_Gas_CCGT_RC-ep-1141,1.0,6.86
Zhejiang-EP_Gas_CCGT_RC-ep-1142,0.45,9.42564
Zhejiang-EP_Gas_CCGT_RC-ep-1142,1.0,6.86
Zhejiang-EP_Gas_CCGT_RC-ep-1143,0.45,9.42564
Zhejiang-EP_Gas_CCGT_RC-ep-1143,1.0,6.86
Zhejiang-EP_Gas_CCGT_RC-ep-1144,0.45,9.42564
Zhejiang-EP_Gas_CCGT_RC-ep-1144,1.0,6.86
Zhejiang-EP_Gas_CCGT_RC-ep-1145,0.45,9.42564
Zhejiang-EP_Gas_CCGT_RC-ep-1145,1.0,6.86
Zhejiang-EP_Gas_CCGT_RC-ep-1147,0.45,9.42564
Zhejiang-EP_Gas_CCGT_RC-ep-1147,1.0,6.86
Zhejiang-EP_Gas_CCGT_RC-ep-1148,0.45,9.42564
Zhejiang-EP_Gas_CCGT_RC-ep-1148,1.0,6.86
Zhejiang-EP_Gas_CCGT_RC-ep-3091,0.45,9.42564
Zhejiang-EP_Gas_CCGT_RC-ep-3091,1.0,6.86
Zhejiang-EP_Gas_CCGT_SEA-ep-1087,0.45,8.68368
Zhejiang-EP_Gas_CCGT_SEA-ep-1087,1.0,6.32
Zhejiang-EP_Gas_CCGT_SEA-ep-1088,0.45,8.68368
Zhejiang-EP_Gas_CCGT_SEA-ep-1088,1.0,6.32
Zhejiang-Gas_CCGT_OT-12069,0.45,8.88978
Zhejiang-Gas_CCGT_OT-12069,1.0,6.47
Zhejiang-Gas_CCGT_RC-12043,0.45,9.64548
Zhejiang-Gas_CCGT_RC-12043,1.0,7.02
Zhejiang-Gas_CCGT_RC-12053,0.45,9.64548
Zhejiang-Gas_CCGT_RC-12053,1.0,7.02
Zhejiang-Gas_CCGT_RC-12079,0.45,9.64548
Zhejiang-Gas_CCGT_RC-12079,1.0,7.02
Zhejiang-Gas_CCGT_RC-12097,0.45,9.64548
Zhejiang-Gas_CCGT_RC-12097,1.0,7.02
Zhejiang-Gas_CCGT_SEA-12061,0.45,8.88978
Zhejiang-Gas_CCGT_SEA-12061,1.0,6.47
Zhejiang-Gas_CCGT_SEA-12087,0.45,8.88978
Zhejiang-Gas_CCGT_SEA-12087,1.0,6.47
Zhejiang-Gas_CCGT_SEA-12105,0.45,8.88978
Zhejiang-Gas_CCGT_SEA-12105,1.0,6.47
Zhejiang-Gas_Combustion_Turbine_RC-13175,0.4,11.03368
Zhejiang-Gas_Combustion_Turbine_RC-13175,1.0,9.76
